user_id,first_name,last_name,email,age,occupation,nationality
Yh9rhW77,Amy,Morse,amymorse@example.com,32,Engineer,Madagascar
quwnosQd,Cathy,Garcia,cathy397@example.com,49,Engineer,American Samoa
uEWRqkrT,Joshua,Nelson,joshuanelson@example.com,24,Student,Singapore
2Cv6NK2q,Leonard,Clark,leonard930@example.com,44,Doctor,Samoa
ffGhcEtG,Scott,Mcdonald,scottmcdonald@example.com,29,Accountant,Reunion
SQdWpuGG,Jennifer,Turner,jenniferturner@example.com,18,Student,Switzerland
GAsvq8Rs,Brian,Valdez,brianvaldez@example.com,53,Engineer,Cote d'Ivoire
EzQIVPQ9,Brittany,Garcia,brittany339@example.com,16,Student,Macao
akocbtdE,Nicholas,Macdonald,nicholas562@example.com,36,Accountant,Sao Tome and Principe
GF2Tf2xe,Mark,Fuller,mark315@example.com,45,Teacher,Russian Federation
Yp9Pzez6,Michael,Roth,michael289@example.com,34,Teacher,Moldova
FVEBvtCQ,Juan,Harris,juanharris@example.com,51,Lawyer,Tunisia
1DPglNFW,Tracey,Price,traceyprice@example.com,35,Sales,Germany
vcv1rYNU,Shannon,Thomas,shannon189@example.com,49,Sales,Montserrat
zlGKliHM,Michael,Gray,michaelgray@example.com,20,Assistant,Slovenia
X12tGitg,Jasmine,Smith,jasmine999@example.com,50,Doctor,Guam
W5zVur3r,John,Lowery,john550@example.com,31,Engineer,United Kingdom
YzUu8Ypx,Robert,Santos,robertsantos@example.com,30,Accountant,Turks and Caicos Islands
TRLVfL8d,Dennis,Soto,dennis586@example.com,45,Engineer,Lao People's Democratic Republic
4Fo6jCe8,Tony,Arnold,tony87@example.com,30,Engineer,Sweden
ss59bhdf,Jose,Heath,joseheath@example.com,21,Intern,Christmas Island
hKIvRNWP,Joy,Gill,joygill@example.com,33,Lawyer,Bolivia
ysUHrPXu,Morgan,Blackwell,morgan256@example.com,50,Doctor,Argentina
eoXxYeIR,William,Weber,william655@example.com,21,Assistant,Bouvet Island (Bouvetoya)
Ay4jzMMv,Bernard,Allen,bernardallen@example.com,15,Student,Malawi
qDiI8LAP,Jeffery,Meyers,jeffery563@example.com,52,Marketing,Saint Vincent and the Grenadines
6nQe2rfA,Phillip,Taylor,philliptaylor@example.com,21,Intern,Iran
77cIZHy7,Christian,Edwards,christian261@example.com,42,Engineer,Vanuatu
fwOKI8x4,Jeffrey,Robinson,jeffreyrobinson@example.com,31,Sales,Senegal
U4sONOLW,Amanda,Clark,amandaclark@example.com,39,Doctor,French Guiana
BpLNDZN7,Colleen,Reed,colleen881@example.com,46,Teacher,Afghanistan
67Ve2pyP,Gary,Alexander,garyalexander@example.com,36,Sales,Netherlands
oeTzGpkv,Edward,Johnson,edwardjohnson@example.com,43,Marketing,Saint Lucia
4XuBIeKb,Michael,Delacruz,michael924@example.com,37,Sales,Marshall Islands
lo6TyuAV,Nicholas,Schmidt,nicholasschmidt@example.com,25,Assistant,Russian Federation
3C1tluNv,Terrence,Evans,terrence589@example.com,55,Teacher,Serbia
i0RfGhXS,Dawn,Mills,dawn313@example.com,43,Doctor,Seychelles
wTLzdrNx,Connie,Wolfe,connie411@example.com,19,Intern,United Arab Emirates
pw1AOokH,Maureen,Klein,maureenklein@example.com,47,Marketing,Kyrgyz Republic
PtD1q3WT,Juan,Clark,juanclark@example.com,55,Accountant,Sierra Leone
SDfDXQsA,Edgar,Mccullough,edgarmccullough@example.com,32,Engineer,Western Sahara
XDcNzWJp,Kathleen,Flores,kathleen810@example.com,23,Student,Palau
tuDEtngA,Kayla,Smith,kayla515@example.com,22,Intern,Switzerland
qFk60Ylh,Regina,Anderson,reginaanderson@example.com,40,Lawyer,South Africa
WIGxsDJP,Tiffany,Chavez,tiffanychavez@example.com,23,Student,Vietnam
ihEK74cX,Sara,Gill,saragill@example.com,23,Student,Somalia
yLsia0fp,Robert,Larson,robert668@example.com,15,Student,Botswana
h92SFZUC,Kayla,Wong,kayla910@example.com,34,Sales,Ireland
Kn8wF0HC,Rebecca,Hart,rebecca111@example.com,41,Lawyer,Zambia
gXBZC6K7,Theresa,Swanson,theresa95@example.com,29,Engineer,Thailand
5WcTMMww,Michael,Nguyen,michaelnguyen@example.com,28,Sales,Burundi
fKKqqRwE,Erica,Montgomery,ericamontgomery@example.com,25,Assistant,Martinique
XkUOV6ae,Catherine,Barnes,catherine142@example.com,34,Engineer,British Indian Ocean Territory (Chagos Archipelago)
z3AHNbZB,Tracy,Hill,tracyhill@example.com,17,Student,Grenada
0aMZCefL,Michael,Stewart,michaelstewart@example.com,17,Student,Mozambique
fursj3mb,Allison,Diaz,allison417@example.com,49,Sales,British Virgin Islands
5i09yNLv,Crystal,Goodwin,crystalgoodwin@example.com,44,Marketing,Nicaragua
HXXZDxsl,Henry,Mosley,henry843@example.com,42,Engineer,Sao Tome and Principe
jB1XZDtJ,Benjamin,Burton,benjamin489@example.com,41,Lawyer,Suriname
1KOefdqI,Bradley,Roberts,bradley373@example.com,40,Accountant,Chad
3qlLX8oE,Janice,Miller,janice510@example.com,55,Lawyer,French Guiana
fPcW4Gyv,Kaitlyn,Morris,kaitlynmorris@example.com,27,Accountant,Israel
NxOke7HY,Desiree,Robbins,desireerobbins@example.com,54,Lawyer,Palestinian Territory
bFJRSLu2,Patricia,Figueroa,patriciafigueroa@example.com,41,Teacher,Georgia
T5Z2jIbH,Ashley,Martinez,ashley859@example.com,34,Doctor,Suriname
pZU1hMME,Michael,Butler,michael328@example.com,40,Sales,Somalia
OSECiMbG,Candice,Marsh,candicemarsh@example.com,21,Assistant,Netherlands Antilles
eknSfbAD,Caroline,Noble,caroline947@example.com,42,Accountant,Vanuatu
5FuUYWl7,Carol,Martinez,carolmartinez@example.com,25,Intern,San Marino
lE3eNoVH,Melissa,Townsend,melissa169@example.com,39,Accountant,Puerto Rico
ne5R5Gwf,Stacy,Riggs,stacyriggs@example.com,45,Accountant,Mongolia
Zi5Ck1dI,David,Carlson,davidcarlson@example.com,32,Marketing,Taiwan
UpvQqFqX,Sheila,Ford,sheilaford@example.com,33,Doctor,Austria
nDsgE0w7,Cameron,Lewis,cameronlewis@example.com,50,Teacher,Guinea
6qlMX4IO,Natalie,Jensen,natalie986@example.com,46,Sales,United Kingdom
7aGD6Iau,Todd,Stout,toddstout@example.com,26,Marketing,Norway
KX7mFSIi,Dawn,Archer,dawn4@example.com,55,Teacher,Saint Vincent and the Grenadines
WAjAY2Cr,James,Anderson,james612@example.com,24,Assistant,Bahamas
lgIGrnu2,Robert,Santiago,robert233@example.com,29,Doctor,Bahamas
nH5Q0OoA,Cindy,Richardson,cindy136@example.com,31,Doctor,Saint Kitts and Nevis
HAvyBvVt,Aaron,Barker,aaronbarker@example.com,37,Accountant,Svalbard & Jan Mayen Islands
CCyUc8XR,Lisa,Smith,lisasmith@example.com,29,Accountant,Sweden
kRvdUsOG,Autumn,Brown,autumn954@example.com,48,Accountant,Svalbard & Jan Mayen Islands
t7242aSs,Lisa,Neal,lisa649@example.com,29,Doctor,Nepal
PFhLK7FR,Karen,Clark,karen158@example.com,17,Student,Zimbabwe
i4eBxtbU,Melinda,Baker,melinda544@example.com,44,Marketing,Spain
IrfNeFje,Alice,Hinton,alice738@example.com,22,Assistant,Bolivia
yAjEbrmx,Noah,Hebert,noah736@example.com,50,Teacher,Sierra Leone
kKn80ynH,Kevin,Jordan,kevin625@example.com,26,Teacher,Cayman Islands
aNZr6Rvt,Brittany,Humphrey,brittanyhumphrey@example.com,27,Lawyer,British Indian Ocean Territory (Chagos Archipelago)
OEm9iNQ7,James,Gay,james917@example.com,32,Accountant,Israel
h8W0mzNw,Eric,Palmer,ericpalmer@example.com,22,Student,Indonesia
rDHGA3bf,Lori,Parker,lori594@example.com,15,Student,British Indian Ocean Territory (Chagos Archipelago)
SJFguAC0,Jennifer,Jenkins,jennifer192@example.com,40,Marketing,Guinea-Bissau
tyntX3UN,Kenneth,Matthews,kennethmatthews@example.com,26,Accountant,Mali
6N611sdk,William,Weaver,william467@example.com,55,Engineer,Tuvalu
scgfVaus,Chad,Lopez,chadlopez@example.com,20,Intern,Trinidad and Tobago
CJWaSdDR,Laura,Neal,laura625@example.com,22,Student,Grenada
OKY7T2iQ,Christina,Shepard,christinashepard@example.com,49,Sales,Trinidad and Tobago
IQtgc69n,Theresa,Bishop,theresabishop@example.com,55,Sales,Nepal
NWABCUgR,Austin,Stanley,austinstanley@example.com,36,Doctor,United Kingdom
sZAuNmI2,Stanley,Robinson,stanley175@example.com,32,Lawyer,Kazakhstan
d64v4RC7,Dustin,Jones,dustinjones@example.com,45,Accountant,Aruba
zhoCT6yh,Stephanie,Moore,stephanie369@example.com,19,Assistant,Poland
v8gWv4Wj,Kelly,Salas,kellysalas@example.com,22,Student,French Southern Territories
E2no3ZOB,Julie,Moore,julie400@example.com,50,Sales,Hong Kong
HiPbsVDA,Dawn,Smith,dawnsmith@example.com,25,Intern,Micronesia
pPrSSu53,Kenneth,Peterson,kennethpeterson@example.com,48,Engineer,Heard Island and McDonald Islands
Wk4QlTOd,Morgan,Cooper,morgan545@example.com,39,Lawyer,Tuvalu
6x7inXWd,Brian,Silva,brian858@example.com,38,Doctor,Senegal
9Ehs6xdw,Carolyn,Pollard,carolynpollard@example.com,32,Doctor,Lebanon
k6X1i0as,Nicholas,Hicks,nicholashicks@example.com,52,Lawyer,Switzerland
1ObcoEus,Pam,Burnett,pam356@example.com,39,Doctor,Costa Rica
qUqKte2U,Nicholas,Chen,nicholas435@example.com,26,Marketing,French Guiana
sShSIYpC,Sarah,Medina,sarahmedina@example.com,19,Intern,Palestinian Territory
Fwef7pyb,Pamela,Johnson,pamelajohnson@example.com,20,Intern,Senegal
Vi1NQygB,Danielle,Moreno,danielle519@example.com,18,Student,American Samoa
c9Ma3n72,Nancy,Davis,nancydavis@example.com,39,Sales,Falkland Islands (Malvinas)
gvR1QdFf,Joshua,Nelson,joshua295@example.com,40,Sales,Kazakhstan
r6JhJ0gP,Michael,Shea,michaelshea@example.com,30,Lawyer,Togo
scNHDra2,Robert,Hale,robert428@example.com,22,Assistant,Marshall Islands
lA5om2NP,Kelly,Jones,kellyjones@example.com,15,Student,Turks and Caicos Islands
YA9rH5vj,Kara,Little,karalittle@example.com,21,Intern,Palau
RydMZQag,Michael,Sosa,michael481@example.com,51,Accountant,New Caledonia
9UJdDdjb,Brandon,Mcclain,brandon180@example.com,18,Student,Morocco
22chs4HW,Emily,Miranda,emilymiranda@example.com,15,Student,Mauritania
dt7cbzhe,Sandra,Johnston,sandra811@example.com,28,Sales,Comoros
QftwdqC3,Dana,Edwards,danaedwards@example.com,36,Engineer,Guadeloupe
1E3Voqhg,James,Abbott,jamesabbott@example.com,48,Marketing,Sudan
LQ2lbJwI,Albert,Peterson,albert939@example.com,49,Marketing,Colombia
mApunfPo,Ashley,Hart,ashley622@example.com,38,Accountant,France
ci6mwj95,Katrina,Solis,katrinasolis@example.com,48,Engineer,Mauritius
pxix3pIB,Thomas,Ward,thomasward@example.com,28,Engineer,Cocos (Keeling) Islands
GvEkqjvy,Cheryl,Garcia,cherylgarcia@example.com,21,Intern,Romania
p18pLKzk,Roberto,Pearson,roberto401@example.com,28,Engineer,United States of America
CUy2WHve,Megan,Cook,megancook@example.com,48,Sales,Kyrgyz Republic
wqRjQut4,Stephanie,Shah,stephanie812@example.com,36,Doctor,Reunion
qXWdt7N5,Brittany,Smith,brittany292@example.com,43,Marketing,San Marino
DJoKs7iM,Catherine,Stephens,catherine744@example.com,38,Sales,Austria
7B0Y9Gos,Jennifer,Anderson,jenniferanderson@example.com,25,Student,Slovakia (Slovak Republic)
xn7z89me,Cristina,Johnson,cristina425@example.com,46,Marketing,Sweden
GNzbpI56,Robert,Thomas,robert289@example.com,55,Accountant,Mexico
VuJrxnhi,Nancy,Santiago,nancysantiago@example.com,17,Student,Bolivia
EVELIjka,Marisa,Zhang,marisazhang@example.com,48,Sales,Micronesia
B430Re5U,Scott,Smith,scottsmith@example.com,49,Accountant,Italy
l7a800k9,Benjamin,Green,benjamin304@example.com,24,Assistant,Gambia
8xTp9mXq,Seth,Benjamin,sethbenjamin@example.com,19,Intern,Aruba
YXFNEx2P,Richard,Riley,richardriley@example.com,49,Lawyer,Svalbard & Jan Mayen Islands
nGFcX7a8,Kevin,Chang,kevin409@example.com,35,Sales,Nauru
ehahRPA6,Sarah,Bennett,sarahbennett@example.com,35,Lawyer,Saint Martin
YF3uZrom,Steven,Kim,steven990@example.com,26,Marketing,American Samoa
6FxFM8Bz,Amy,Gill,amy815@example.com,18,Student,Guernsey
1w7vIUmE,Tyler,Rodriguez,tyler230@example.com,48,Engineer,British Virgin Islands
RVHlpNmf,Ashlee,Terry,ashlee334@example.com,40,Teacher,Isle of Man
9U3mbnQh,Diane,Gonzalez,dianegonzalez@example.com,45,Engineer,Swaziland
Fw2zGDQD,Tamara,Vaughn,tamaravaughn@example.com,44,Teacher,New Caledonia
PTkuRvYp,Joshua,Black,joshua718@example.com,34,Accountant,Norfolk Island
0fdwgGSw,Raymond,Lam,raymondlam@example.com,19,Intern,Thailand
KMDmSAIA,Paul,Parks,paul201@example.com,27,Lawyer,Qatar
M4b6T9YJ,Thomas,Miller,thomasmiller@example.com,44,Accountant,Norfolk Island
VS7FbQF3,Zachary,Peters,zacharypeters@example.com,32,Sales,Albania
ROWcUMpT,Steve,Greene,stevegreene@example.com,16,Student,Mozambique
MxI3dNXt,Savannah,George,savannahgeorge@example.com,30,Engineer,France
M2jYuIBm,Julie,Curry,juliecurry@example.com,33,Sales,Saint Helena
thNXjbYX,Brett,Taylor,bretttaylor@example.com,19,Student,Canada
rWt1y6Ej,Laurie,Stone,lauriestone@example.com,38,Engineer,Albania
sAgcZQAH,Sarah,Anderson,sarah954@example.com,39,Lawyer,Pakistan
S1TfISvZ,Jamie,Allen,jamie314@example.com,32,Lawyer,Afghanistan
r1byMTA7,Ivan,Rollins,ivan100@example.com,45,Engineer,Korea
9l8gtOIr,Curtis,Lawson,curtis625@example.com,46,Doctor,Portugal
aHy4IR1S,Kathryn,Garza,kathryn379@example.com,43,Teacher,Guam
coSDdc8T,Brent,Randolph,brentrandolph@example.com,35,Accountant,Bouvet Island (Bouvetoya)
R2iAD3kU,Tammy,Morton,tammymorton@example.com,16,Student,Tajikistan
Kje03SQy,Joseph,Bates,josephbates@example.com,44,Doctor,Reunion
DovPksKh,Regina,Ford,regina592@example.com,19,Assistant,Saint Lucia
P8yocpzI,Tiffany,Camacho,tiffany919@example.com,38,Doctor,Thailand
vIau6hY0,David,Thompson,david884@example.com,47,Accountant,Greenland
70mGHwZv,Jonathan,Lawrence,jonathan768@example.com,16,Student,Liberia
AMkrYgTr,Natasha,Dixon,natasha292@example.com,24,Intern,Cambodia
QdTVzJDw,Nathan,Andrade,nathanandrade@example.com,46,Sales,Nepal
qg352O5R,Matthew,Davidson,matthew528@example.com,32,Teacher,Puerto Rico
HalAFplR,Justin,Carroll,justin40@example.com,52,Accountant,Japan
NHRvmuT6,Brandon,Mcclain,brandonmcclain@example.com,44,Sales,Lesotho
egjezaMw,Catherine,Stewart,catherine582@example.com,41,Sales,Dominican Republic
GW8iKDrY,Angela,Kelley,angelakelley@example.com,24,Student,Holy See (Vatican City State)
edABQrDj,John,Taylor,john855@example.com,30,Marketing,Philippines
FwNZ5Nrl,Melissa,Harris,melissa758@example.com,36,Sales,Montserrat
Etl326HA,Ashley,Smith,ashleysmith@example.com,54,Sales,Malta
6ngoCVE7,William,Howell,williamhowell@example.com,43,Engineer,Lebanon
12MltRPU,Steven,Spencer,stevenspencer@example.com,31,Sales,Czech Republic
jRkm2tU8,Michael,Morrison,michael101@example.com,39,Accountant,Azerbaijan
eTpsohQe,Christy,Vazquez,christyvazquez@example.com,16,Student,Azerbaijan
xq9KmVZq,Joel,Ramirez,joel96@example.com,43,Doctor,Ukraine
J0p2GHOe,Valerie,Levine,valerielevine@example.com,49,Teacher,Oman
cZ4idT9W,Megan,Gonzalez,megangonzalez@example.com,44,Doctor,Central African Republic
NFeu9ilP,Derrick,Jefferson,derrickjefferson@example.com,52,Marketing,Iceland
yI9OMNHb,Sheryl,Dominguez,sheryldominguez@example.com,44,Doctor,Zambia
7VMdOoTa,Joseph,Barrett,josephbarrett@example.com,26,Accountant,Montenegro
E2uYhRJ1,Cynthia,Jackson,cynthia877@example.com,54,Sales,Saint Kitts and Nevis
abgG4Lnq,Anthony,Mullins,anthonymullins@example.com,23,Student,Bulgaria
