user_id,first_name,last_name,email,age,occupation,country,region
KcBEKa,Ashley,Patterson,ashley27@example.com,44,Accountant,India,Asia
PZkcHF,Belinda,Harris,belinda42@example.com,19,Engineer,China,Asia
cA3iMw,Lisa,Colon,lisa49@example.com,41,Teacher,India,Asia
DlRtQx,Desiree,Martin,desiree18@example.com,44,Engineer,Australia,Oceania
NycLap,Abigail,Murphy,abigail18@example.com,27,Teacher,Brazil,South America
xX5puQ,John,Cisneros,john71@example.com,43,Accountant,Australia,Oceania
ePLu2G,Wendy,Williams,wendy21@example.com,29,Accountant,Germany,Europe
ccFt0M,Michelle,Morrison,michelle85@example.com,19,Manager,Canada,North America
jyK8x6,Patrick,Campbell,patrick77@example.com,24,Software Developer,Canada,North America
CkZm8w,Emily,Bryant,emily56@example.com,41,Accountant,Germany,Europe
RrjNHl,Gina,Stanley,gina16@example.com,32,Accountant,India,Asia
kQP80l,Dean,Tate,dean23@example.com,45,Teacher,China,Asia
BoaITc,Toni,Montes,toni43@example.com,35,Engineer,Canada,North America
qCzLky,Christina,Williams,christina64@example.com,30,Consultant,Brazil,South America
6rHEMF,Adam,Anderson,adam9@example.com,25,Accountant,Australia,Oceania
5ziAIL,Shelley,Turner,shelley45@example.com,49,Accountant,Australia,Oceania
SkJCg9,Michael,Villanueva,michael54@example.com,17,Student,USA,North America
CIedwf,Leonard,Dunn,leonard20@example.com,21,Manager,Australia,Oceania
1ZFiD3,Ryan,Brown,ryan56@example.com,47,Accountant,China,Asia
Uq5YSD,Brenda,Anthony,brenda55@example.com,36,Consultant,Brazil,South America
6HjVpu,Eric,Walker,eric80@example.com,17,Student,Germany,Europe
P5LK1O,Robert,Johnson,robert62@example.com,16,Student,Canada,North America
9sB22p,Tyler,Meyers,tyler92@example.com,33,Software Developer,USA,North America
M6JX9g,Diane,Ferguson,diane37@example.com,25,Consultant,Australia,Oceania
jxMz6Y,Melissa,Hernandez,melissa25@example.com,37,Engineer,Canada,North America
LmBngR,Ashley,Brooks,ashley40@example.com,44,Consultant,Brazil,South America
UBCQVJ,Carolyn,Rodriguez,carolyn27@example.com,32,Manager,China,Asia
hOYOan,Kimberly,Davis,kimberly55@example.com,54,Accountant,Japan,Asia
3ZPmeX,Garrett,Aguirre,garrett55@example.com,20,Student,USA,North America
wqxDBW,Stacey,Hamilton,stacey25@example.com,55,Consultant,India,Asia
DSsGFG,Robert,Sanchez,robert34@example.com,40,Accountant,China,Asia
wUrE5C,Joshua,Williamson,joshua62@example.com,52,Accountant,Canada,North America
SIUxZU,Gregory,Wilson,gregory52@example.com,25,Manager,Japan,Asia
UKeM2U,Stephen,Martin,stephen40@example.com,16,Student,China,Asia
PueVzN,Deborah,Nicholson,deborah48@example.com,33,Manager,UK,Europe
pktgJY,Kimberly,Castillo,kimberly7@example.com,29,Manager,Canada,North America
8AmKKC,Michael,Graham,michael76@example.com,16,Student,Japan,Asia
mv24Km,Adam,Marquez,adam67@example.com,51,Teacher,USA,North America
QSLdcK,Martin,Flores,martin47@example.com,40,Teacher,UK,Europe
XkhMY3,Christopher,West,christopher45@example.com,25,Software Developer,Brazil,South America
GZwfzC,Brandi,Myers,brandi74@example.com,37,Software Developer,UK,Europe
73CTEN,Molly,Nunez,molly58@example.com,43,Manager,UK,Europe
w0B00v,John,Fox,john72@example.com,47,Accountant,Japan,Asia
mgBPjc,Renee,Meyer,renee24@example.com,55,Consultant,Germany,Europe
KB6Y5x,Carrie,Brown,carrie72@example.com,39,Software Developer,USA,North America
kt98od,Tracy,Murray,tracy75@example.com,26,Software Developer,China,Asia
1lt82c,Richard,Fisher,richard51@example.com,53,Accountant,Canada,North America
wWmFkk,Brenda,Ryan,brenda52@example.com,44,Teacher,USA,North America
l14lLT,Tracy,Martin,tracy54@example.com,24,Manager,Japan,Asia
gz90hp,Scott,Schmitt,scott14@example.com,42,Consultant,India,Asia
UsIP25,Robert,Johnson,robert13@example.com,37,Manager,Australia,Oceania
MpIsaQ,Aaron,Nichols,aaron21@example.com,39,Consultant,Germany,Europe
gGOWEg,Brent,Davis,brent74@example.com,40,Manager,Germany,Europe
swe4mN,Daniel,Gibson,daniel72@example.com,48,Software Developer,Canada,North America
zZcbP1,Victoria,Washington,victoria56@example.com,36,Engineer,USA,North America
wuOEYk,Stephen,Kim,stephen3@example.com,28,Engineer,India,Asia
90mp5p,Walter,West,walter50@example.com,54,Manager,Japan,Asia
3JWbia,Jessica,Hurst,jessica16@example.com,16,Student,USA,North America
RXXlhS,Heidi,Henderson,heidi50@example.com,19,Software Developer,Japan,Asia
VQlNA5,Debra,Blankenship,debra7@example.com,50,Engineer,USA,North America
SyLDDv,Eric,Young,eric24@example.com,17,Student,Japan,Asia
ODF8TT,Christine,Mcdaniel,christine47@example.com,19,Engineer,India,Asia
qlfDaj,Dawn,Chapman,dawn36@example.com,20,Manager,India,Asia
jXgIhs,Maria,Mendoza,maria91@example.com,54,Teacher,USA,North America
KqO7WH,Lindsey,Rivers,lindsey55@example.com,47,Engineer,USA,North America
OdMdPn,Ryan,Trevino,ryan69@example.com,15,Student,Germany,Europe
jt3S1A,Jennifer,Oneal,jennifer20@example.com,16,Student,China,Asia
HQThEt,Brandon,Gentry,brandon60@example.com,44,Engineer,UK,Europe
bzMjCQ,Katie,Rivers,katie90@example.com,26,Teacher,Brazil,South America
QEjcFL,Tina,Mitchell,tina50@example.com,25,Accountant,India,Asia
nFHwP9,Elizabeth,Thomas,elizabeth73@example.com,50,Accountant,UK,Europe
5P8uV8,Brooke,Gillespie,brooke41@example.com,23,Software Developer,Australia,Oceania
dRvHHd,James,Bailey,james49@example.com,54,Software Developer,USA,North America
ica7xB,Christopher,Lee,christopher29@example.com,45,Manager,Canada,North America
ge9xZD,Jared,Davis,jared55@example.com,34,Engineer,UK,Europe
WOzISI,Yvonne,Clay,yvonne25@example.com,30,Consultant,UK,Europe
1yn3GM,Steven,Manning,steven63@example.com,39,Engineer,Canada,North America
IUVj2M,Heather,Boyd,heather76@example.com,49,Engineer,Canada,North America
QzDf28,Rodney,Beck,rodney27@example.com,15,Student,Australia,Oceania
lQkxyO,Angela,Adams,angela27@example.com,30,Teacher,India,Asia
LqjdFA,Michael,Burton,michael46@example.com,36,Software Developer,China,Asia
RsG5XS,Courtney,Clark,courtney76@example.com,18,Student,Japan,Asia
TsDk30,Chelsea,Golden,chelsea15@example.com,41,Accountant,Canada,North America
hDk4Ye,Monica,Pearson,monica49@example.com,49,Software Developer,USA,North America
H0UJqK,Chad,Henderson,chad62@example.com,20,Accountant,Canada,North America
WA2E0o,Christopher,Brown,christopher51@example.com,16,Student,Australia,Oceania
DOKTFS,Jonathan,Bryant,jonathan54@example.com,34,Manager,UK,Europe
CkoEFK,Katherine,Fuller,katherine60@example.com,40,Teacher,Brazil,South America
6CMWbG,Justin,Neal,justin70@example.com,38,Consultant,Australia,Oceania
tlpoxM,William,Romero,william21@example.com,48,Software Developer,Brazil,South America
KZ12cd,Joseph,Alexander,joseph22@example.com,41,Teacher,UK,Europe
XmbkDu,Matthew,Barber,matthew6@example.com,47,Engineer,USA,North America
bjRFDX,Timothy,Griffin,timothy46@example.com,16,Student,Japan,Asia
ORwqbj,Thomas,Castillo,thomas33@example.com,17,Student,UK,Europe
PRQ5ph,Hannah,Cortez,hannah66@example.com,45,Teacher,China,Asia
uJBX3S,Laurie,Sullivan,laurie43@example.com,53,Teacher,Japan,Asia
dgEQUT,Laura,Oconnell,laura47@example.com,46,Consultant,Japan,Asia
EwekLm,Victoria,Le,victoria71@example.com,35,Teacher,Germany,Europe
aULBUX,Cameron,Boone,cameron6@example.com,25,Engineer,Australia,Oceania
xzhypY,Mary,Smith,mary26@example.com,51,Software Developer,Australia,Oceania
04dJ16,Mark,Morris,mark33@example.com,46,Software Developer,Canada,North America
p3PlkC,Joy,Bishop,joy52@example.com,50,Engineer,Japan,Asia
SoBAmo,Justin,Lopez,justin93@example.com,38,Accountant,UK,Europe
W7ZmZK,Gary,Davis,gary85@example.com,18,Student,Brazil,South America
SYlmfU,Krystal,Walls,krystal51@example.com,55,Consultant,Brazil,South America
aMG6oY,Jeffrey,Mcgee,jeffrey89@example.com,51,Teacher,China,Asia
3F46L8,Stephanie,Lee,stephanie81@example.com,26,Accountant,Germany,Europe
yzDGgA,Ashley,Gonzales,ashley78@example.com,48,Consultant,Canada,North America
pdgUer,Theresa,Kane,theresa32@example.com,32,Consultant,China,Asia
WsIx0i,Allen,Harris,allen45@example.com,51,Consultant,UK,Europe
Se7aWX,Melanie,Andrews,melanie58@example.com,22,Accountant,USA,North America
kMiApE,Alexandra,Pacheco,alexandra60@example.com,19,Engineer,Canada,North America
vPQrXj,Kathryn,Blevins,kathryn82@example.com,18,Student,Australia,Oceania
SV0H5c,Mark,Williams,mark85@example.com,18,Student,USA,North America
C43HAJ,Heather,Williams,heather69@example.com,34,Consultant,China,Asia
sLiDUv,Annette,Heath,annette46@example.com,19,Teacher,India,Asia
PwSJg8,Randy,Burke,randy33@example.com,55,Accountant,China,Asia
DBzkrh,George,Moore,george20@example.com,50,Manager,UK,Europe
2aCWZW,Catherine,Lin,catherine47@example.com,42,Teacher,UK,Europe
u5mROQ,Zoe,Johnson,zoe17@example.com,18,Student,USA,North America
WLkKI7,Samantha,Dixon,samantha71@example.com,24,Software Developer,India,Asia
w6DWxt,Michael,Sanders,michael33@example.com,19,Engineer,China,Asia
2ePeVK,Becky,Bailey,becky32@example.com,43,Manager,Germany,Europe
KNrJRs,Dustin,Glenn,dustin7@example.com,47,Accountant,China,Asia
DMSdxv,Jasmine,Bishop,jasmine62@example.com,46,Teacher,Brazil,South America
F7axq5,Jennifer,Andersen,jennifer75@example.com,52,Consultant,Australia,Oceania
7l000Y,Gregory,Holloway,gregory30@example.com,39,Accountant,China,Asia
Rrgvhf,Lynn,Cooper,lynn14@example.com,31,Accountant,Germany,Europe
lIRWlX,Angelica,Ellis,angelica1@example.com,47,Manager,India,Asia
OkvKm5,James,Reynolds,james76@example.com,22,Engineer,China,Asia
av6EmC,Elijah,Randolph,elijah8@example.com,53,Accountant,UK,Europe
b3JsGl,Jacob,Walters,jacob67@example.com,52,Software Developer,UK,Europe
FOZV9t,Ashley,Villegas,ashley74@example.com,34,Software Developer,Japan,Asia
9kjyPP,Laura,Ward,laura2@example.com,45,Accountant,Japan,Asia
MKO2Ob,Nicholas,Williams,nicholas4@example.com,52,Engineer,India,Asia
zmLGMT,Brett,Collins,brett62@example.com,39,Engineer,China,Asia
IoxK2L,Stephanie,Williams,stephanie5@example.com,51,Software Developer,UK,Europe
ainrpV,Gregory,Fields,gregory10@example.com,46,Accountant,USA,North America
1CxSaO,Michael,Lopez,michael28@example.com,26,Manager,Germany,Europe
SWwbsj,Stacey,Williams,stacey67@example.com,53,Accountant,Japan,Asia
f0iEet,Carly,Patterson,carly86@example.com,26,Accountant,Australia,Oceania
sW4dEs,Michael,Lee,michael6@example.com,38,Software Developer,Canada,North America
wHBch8,Francisco,Sullivan,francisco88@example.com,50,Consultant,UK,Europe
icYoQA,Karen,Mcdonald,karen7@example.com,19,Teacher,USA,North America
A2xv7G,Kimberly,Johns,kimberly78@example.com,54,Manager,India,Asia
yq6yaJ,Gilbert,Hobbs,gilbert70@example.com,15,Student,Australia,Oceania
oJey1I,Bonnie,Fisher,bonnie90@example.com,37,Teacher,Brazil,South America
cduL4Q,William,Wu,william60@example.com,34,Teacher,UK,Europe
kw6FgV,Philip,Davis,philip47@example.com,29,Teacher,USA,North America
Ot65Va,Susan,Wilson,susan66@example.com,33,Software Developer,China,Asia
diK43b,Daniel,Griffith,daniel35@example.com,29,Teacher,Brazil,South America
bMtI74,Lance,Roberts,lance88@example.com,39,Consultant,Brazil,South America
O03zN6,Debra,Snow,debra58@example.com,35,Consultant,USA,North America
62Qis9,Michael,Solomon,michael25@example.com,37,Teacher,Brazil,South America
5sAS7g,Christine,Franklin,christine58@example.com,24,Engineer,Japan,Asia
IvRRtp,Amanda,Smith,amanda76@example.com,42,Software Developer,Canada,North America
oyXSnk,Eric,Rhodes,eric7@example.com,20,Teacher,China,Asia
gRlV6Q,Heather,Davis,heather77@example.com,18,Student,Canada,North America
bApSeJ,Dana,Wells,dana86@example.com,42,Accountant,India,Asia
hbIg2Z,Barbara,Ross,barbara26@example.com,51,Manager,Canada,North America
1W6W9y,Jeffery,Kelly,jeffery83@example.com,31,Software Developer,China,Asia
MhtTop,Tanya,Lopez,tanya58@example.com,23,Accountant,China,Asia
WsmBdB,Michelle,Schmidt,michelle17@example.com,42,Teacher,UK,Europe
Wx5jKU,Charles,Shepherd,charles37@example.com,51,Consultant,Brazil,South America
Jz4nFz,Andre,Hood,andre91@example.com,21,Teacher,USA,North America
kzIR0g,Matthew,Sellers,matthew19@example.com,48,Consultant,Germany,Europe
rohdZY,Jessica,Howard,jessica8@example.com,41,Accountant,Brazil,South America
ScXUg6,Colleen,Hatfield,colleen17@example.com,42,Teacher,USA,North America
1o5Bus,George,Harris,george57@example.com,54,Manager,Japan,Asia
0b9Mn7,Keith,Hoover,keith21@example.com,28,Software Developer,USA,North America
Nj8MrW,John,Sanchez,john42@example.com,31,Manager,China,Asia
P2dRWI,Christina,Richards,christina18@example.com,51,Engineer,Japan,Asia
qFBKzR,Robert,Arnold,robert57@example.com,37,Accountant,China,Asia
2J1ouI,Anthony,Smith,anthony51@example.com,17,Student,USA,North America
WS9FDk,Anthony,Brown,anthony5@example.com,43,Engineer,USA,North America
ELkepS,Kelli,Werner,kelli83@example.com,21,Manager,UK,Europe
InMxN0,David,Cruz,david21@example.com,18,Student,Brazil,South America
DpjTQD,Alexis,Hamilton,alexis83@example.com,19,Student,Germany,Europe
FgdlPX,Dorothy,Weber,dorothy87@example.com,25,Engineer,Germany,Europe
eDchZg,Rachel,Arnold,rachel10@example.com,18,Student,Canada,North America
E1CeM9,Brian,Bennett,brian77@example.com,52,Engineer,Canada,North America
mh8OK6,Stephen,Rogers,stephen91@example.com,38,Engineer,Brazil,South America
rumGIn,Austin,Burton,austin56@example.com,27,Manager,Australia,Oceania
0DLIVt,Tracy,Fletcher,tracy85@example.com,43,Software Developer,China,Asia
aqHqg9,Michael,Jones,michael79@example.com,41,Accountant,India,Asia
Betk3X,Joseph,Thompson,joseph45@example.com,24,Student,Canada,North America
eyOrlp,Steven,Hernandez,steven6@example.com,36,Teacher,Japan,Asia
zHeUTq,Christian,Warren,christian93@example.com,36,Consultant,Japan,Asia
pPa5Vs,Donald,Garcia,donald30@example.com,34,Engineer,USA,North America
n17lma,David,Thornton,david16@example.com,31,Teacher,Australia,Oceania
h59w83,Lindsay,Pacheco,lindsay11@example.com,52,Consultant,Brazil,South America
TYzRug,Barbara,Reid,barbara51@example.com,41,Accountant,Japan,Asia
LYT2Xd,Karen,Patterson,karen94@example.com,37,Teacher,USA,North America
GM1gBI,William,Marquez,william74@example.com,47,Software Developer,Japan,Asia
hFKk5y,Cynthia,Lynch,cynthia10@example.com,31,Software Developer,UK,Europe
STQrwt,Debbie,Nichols,debbie78@example.com,49,Engineer,Canada,North America
BB4vWn,Jason,Torres,jason49@example.com,19,Manager,Japan,Asia
hhDFuv,Hayley,Barnes,hayley19@example.com,51,Software Developer,USA,North America
HSEOq6,Michele,Brooks,michele56@example.com,31,Engineer,UK,Europe
zt9Yd2,Elizabeth,Wilson,elizabeth74@example.com,38,Manager,Australia,Oceania
ITxEaK,Kevin,Rosales,kevin38@example.com,24,Manager,India,Asia
lMnGYN,Gregory,Garrett,gregory17@example.com,19,Engineer,Canada,North America
EvuWCv,Anthony,Lynch,anthony16@example.com,38,Consultant,UK,Europe
TgRIc0,Shannon,Lam,shannon67@example.com,51,Teacher,Canada,North America
xMMUtK,Margaret,Mejia,margaret47@example.com,23,Student,Australia,Oceania
f4PYsU,Matthew,Caldwell,matthew34@example.com,44,Accountant,Canada,North America
fGwFCw,Eric,Burns,eric52@example.com,25,Teacher,Germany,Europe
0Sc002,Pedro,Harrison,pedro28@example.com,39,Software Developer,Canada,North America
dTn6Lv,Joshua,Lewis,joshua63@example.com,41,Consultant,USA,North America
DAaeWr,April,Valdez,april49@example.com,16,Student,Germany,Europe
SBBlHL,Anna,Benton,anna96@example.com,17,Student,Brazil,South America
mY3v0A,Angela,Hernandez,angela93@example.com,40,Consultant,Brazil,South America
ElHe7f,Darlene,Stewart,darlene14@example.com,17,Student,Germany,Europe
1UL1a2,Sheena,Anderson,sheena97@example.com,18,Student,Japan,Asia
uKUrR3,Stephen,Nunez,stephen90@example.com,44,Manager,Brazil,South America
vKXeW2,Tara,Boyd,tara69@example.com,25,Teacher,Australia,Oceania
PCCByN,Norman,Parsons,norman57@example.com,30,Accountant,India,Asia
4Jjiib,Kristin,Mcintyre,kristin94@example.com,37,Engineer,USA,North America
ajYYN7,Jennifer,Anderson,jennifer12@example.com,55,Accountant,Canada,North America
ClMc7M,Victoria,Arias,victoria96@example.com,46,Software Developer,Canada,North America
dIYQkp,Ryan,Hopkins,ryan87@example.com,39,Teacher,Canada,North America
VWIAhn,Mary,Rangel,mary97@example.com,45,Accountant,Brazil,South America
wD39G3,Jennifer,Davis,jennifer56@example.com,52,Manager,China,Asia
F2N1vv,Carlos,Diaz,carlos71@example.com,37,Manager,Canada,North America
ni03s7,Stephen,Collins,stephen17@example.com,19,Teacher,China,Asia
eBi4XD,Kara,Gallagher,kara49@example.com,47,Manager,Brazil,South America
eAF7pW,Ricardo,Wolfe,ricardo21@example.com,49,Software Developer,UK,Europe
pARSzV,James,Bean,james51@example.com,31,Engineer,Australia,Oceania
tCAXL6,John,Moore,john7@example.com,40,Consultant,USA,North America
yeZQ9T,Patrick,Roy,patrick12@example.com,16,Student,Japan,Asia
BJflzb,Carmen,Parks,carmen87@example.com,39,Manager,UK,Europe
Y6Cj4S,Loretta,Cruz,loretta41@example.com,43,Manager,Canada,North America
EbPRzx,Susan,Archer,susan61@example.com,48,Accountant,Australia,Oceania
VcpHfC,Amanda,Curry,amanda99@example.com,23,Manager,Germany,Europe
E4Cl3t,Melissa,Vargas,melissa40@example.com,46,Teacher,Australia,Oceania
tk0rdA,David,Douglas,david42@example.com,19,Teacher,Japan,Asia
2hChZW,Stanley,Dickerson,stanley89@example.com,30,Teacher,Germany,Europe
IeJJD9,Jason,Smith,jason14@example.com,35,Engineer,Brazil,South America
PsiJZr,Harold,Jackson,harold97@example.com,19,Engineer,China,Asia
96YtHA,Patrick,Clark,patrick27@example.com,34,Software Developer,Japan,Asia
KY1HPZ,Matthew,Chapman,matthew74@example.com,28,Accountant,USA,North America
N87Zal,Eric,Washington,eric98@example.com,36,Teacher,Brazil,South America
5Q061c,Michael,Smith,michael12@example.com,47,Software Developer,Japan,Asia
zZbcdf,Emily,Mason,emily13@example.com,36,Manager,India,Asia
EIK0Ie,Kimberly,Mcdowell,kimberly35@example.com,41,Accountant,Canada,North America
YMIIli,Brandon,Klein,brandon89@example.com,52,Engineer,UK,Europe
KX5iMy,Stephen,Sawyer,stephen93@example.com,21,Accountant,China,Asia
tfKMyO,Darrell,Roberson,darrell30@example.com,38,Teacher,Canada,North America
ph89KM,Russell,Davis,russell67@example.com,47,Teacher,Brazil,South America
SFaP6V,Steven,Wiley,steven64@example.com,30,Consultant,Germany,Europe
BMwoyM,Charles,Gray,charles66@example.com,27,Consultant,Brazil,South America
yD5dPI,Christopher,Smith,christopher61@example.com,51,Manager,Australia,Oceania
LQqrg3,Margaret,Pierce,margaret67@example.com,33,Consultant,Japan,Asia
BXEECW,Ashley,Lam,ashley90@example.com,42,Software Developer,Germany,Europe
rXlRpB,Christopher,Blackburn,christopher16@example.com,41,Manager,Brazil,South America
YOSCv0,Karen,Rosales,karen87@example.com,37,Accountant,USA,North America
thz40f,Lisa,Long,lisa38@example.com,54,Engineer,Australia,Oceania
mwkkar,Andrew,Bright,andrew78@example.com,15,Student,Germany,Europe
YDu5vP,Cynthia,Dawson,cynthia36@example.com,39,Software Developer,USA,North America
urDS9s,Heather,Evans,heather42@example.com,32,Accountant,USA,North America
zwDdNN,Diane,Hayes,diane86@example.com,25,Teacher,India,Asia
z4PaW1,Jeremy,Porter,jeremy38@example.com,34,Software Developer,Brazil,South America
MCHfyv,Taylor,Turner,taylor97@example.com,53,Accountant,India,Asia
xT8hc3,Kara,Stout,kara49@example.com,43,Manager,Australia,Oceania
mkkUVj,Carly,Johnson,carly61@example.com,24,Manager,China,Asia
Co4Yw8,Amy,Mccoy,amy15@example.com,20,Manager,USA,North America
WQCm19,Lisa,Turner,lisa35@example.com,55,Manager,Japan,Asia
Ef9lOk,Jimmy,Brooks,jimmy53@example.com,43,Teacher,China,Asia
lKxWWt,Ethan,Chan,ethan14@example.com,51,Engineer,Brazil,South America
6B5stV,Anthony,Cunningham,anthony76@example.com,20,Teacher,Germany,Europe
lEdCGL,Martha,Johnson,martha94@example.com,17,Student,Brazil,South America
H5j00T,Frank,Braun,frank85@example.com,37,Teacher,USA,North America
zElOzr,Kyle,Tate,kyle47@example.com,23,Teacher,USA,North America
fW8Z8c,Anthony,Owens,anthony82@example.com,54,Teacher,UK,Europe
UOr5Xv,Brad,Sanchez,brad6@example.com,20,Accountant,China,Asia
YKAXKJ,Andre,Shelton,andre89@example.com,48,Consultant,India,Asia
l4U75I,Shawn,Bell,shawn18@example.com,38,Teacher,Germany,Europe
MJ2rVS,Robert,Frazier,robert62@example.com,21,Student,UK,Europe
wMUSKs,Jonathan,Moore,jonathan63@example.com,42,Teacher,USA,North America
ysZ1R2,Bobby,Valdez,bobby86@example.com,40,Manager,China,Asia
Y1LQVe,Elizabeth,Allen,elizabeth75@example.com,39,Teacher,UK,Europe
TdmRNn,Zachary,Montes,zachary42@example.com,51,Teacher,Japan,Asia
4xCXM9,Thomas,Miranda,thomas15@example.com,19,Student,Canada,North America
WLx0P0,Michael,Arnold,michael25@example.com,50,Manager,Brazil,South America
GIbl02,Kimberly,Wolfe,kimberly24@example.com,48,Teacher,Japan,Asia
LUsA88,Carla,Phillips,carla33@example.com,21,Accountant,UK,Europe
xgwSxz,Brian,Olson,brian34@example.com,35,Consultant,Brazil,South America
n6aBPS,Jennifer,Ward,jennifer76@example.com,26,Engineer,Canada,North America
u9LCXB,Jessica,Ruiz,jessica3@example.com,46,Teacher,Japan,Asia
IwHNR8,Chad,Carpenter,chad72@example.com,48,Teacher,Brazil,South America
SYqnAX,Andrea,Morris,andrea72@example.com,18,Student,Canada,North America
QY7nc9,James,Duke,james17@example.com,24,Accountant,Brazil,South America
h8fLsD,Brenda,Ramsey,brenda96@example.com,44,Engineer,Brazil,South America
c07iao,Bobby,Quinn,bobby31@example.com,16,Student,Japan,Asia
HxTGaS,Evan,Webb,evan9@example.com,31,Manager,Germany,Europe
1hxkQp,Phillip,Price,phillip91@example.com,44,Accountant,USA,North America
Og2d27,Krystal,Harris,krystal83@example.com,34,Teacher,Brazil,South America
69SRId,Sierra,Horn,sierra10@example.com,47,Teacher,Japan,Asia
Dos5DH,Travis,Walter,travis99@example.com,44,Software Developer,UK,Europe
qccbSd,Andrea,Hull,andrea85@example.com,38,Accountant,Brazil,South America
F5N9mK,Tracy,Levine,tracy10@example.com,40,Engineer,UK,Europe
tALWeF,Julie,Barrett,julie14@example.com,44,Accountant,USA,North America
kWGIB7,Virginia,Dominguez,virginia94@example.com,26,Accountant,Germany,Europe
QMqDWr,John,Holland,john26@example.com,31,Teacher,Brazil,South America
Uo3xIf,Geoffrey,Sullivan,geoffrey89@example.com,23,Engineer,Australia,Oceania
NbAn2Z,Jacqueline,Lee,jacqueline74@example.com,41,Consultant,UK,Europe
fAozf1,Rodney,Perez,rodney32@example.com,27,Accountant,Australia,Oceania
o6dG0G,Robert,Hall,robert59@example.com,26,Engineer,Canada,North America
7UFmZ7,Jacqueline,Davenport,jacqueline23@example.com,49,Teacher,Canada,North America
897lHt,Timothy,Joseph,timothy79@example.com,52,Teacher,Brazil,South America
hXkUd5,Kari,Aguirre,kari78@example.com,28,Engineer,UK,Europe
Gqo9z3,Leah,Sandoval,leah54@example.com,45,Manager,China,Asia
i1FxRx,Joanne,Daniel,joanne7@example.com,15,Student,Germany,Europe
hcJNVo,Alexandra,Flynn,alexandra49@example.com,46,Teacher,Brazil,South America
Bbh2u9,Jaime,Cortez,jaime30@example.com,43,Software Developer,Germany,Europe
dSr7T1,Danielle,Fernandez,danielle2@example.com,18,Student,Australia,Oceania
DYmmYU,Cassandra,Hull,cassandra26@example.com,15,Student,Canada,North America
lF73GV,Kristine,Vazquez,kristine70@example.com,34,Teacher,Canada,North America
pdiagU,Rachel,Savage,rachel49@example.com,46,Accountant,China,Asia
rKJefn,Mark,Valencia,mark15@example.com,40,Consultant,Brazil,South America
T6wKdw,Olivia,Aguilar,olivia68@example.com,39,Accountant,Australia,Oceania
mYi2nM,Sara,Thompson,sara91@example.com,23,Student,Canada,North America
Z9CvHM,Laurie,Sanchez,laurie48@example.com,19,Software Developer,Japan,Asia
EOARqI,Ricardo,Romero,ricardo90@example.com,28,Manager,USA,North America
2HatK9,Robert,Black,robert44@example.com,51,Accountant,Canada,North America
B3ZydM,Christopher,Brown,christopher2@example.com,38,Accountant,UK,Europe
ai1Knt,Jennifer,Nelson,jennifer22@example.com,42,Software Developer,China,Asia
eIFu3x,Joshua,Graves,joshua79@example.com,27,Software Developer,Australia,Oceania
DCMlzr,Katherine,Nichols,katherine78@example.com,49,Accountant,India,Asia
ykPsuP,Lisa,Bell,lisa14@example.com,22,Engineer,Brazil,South America
Qn0lpk,Pamela,Little,pamela21@example.com,20,Accountant,China,Asia
ATtFKE,Melanie,Cervantes,melanie58@example.com,53,Engineer,China,Asia
iKbCGF,Jacqueline,Glass,jacqueline83@example.com,31,Consultant,Japan,Asia
s1MVN2,Karen,Cole,karen19@example.com,32,Consultant,Brazil,South America
4IVcS8,David,Powell,david77@example.com,15,Student,UK,Europe
rQVczi,Christina,Johnson,christina10@example.com,21,Teacher,Germany,Europe
m09Jvp,Candace,Russell,candace70@example.com,40,Manager,Germany,Europe
WWCPv5,Thomas,Jones,thomas32@example.com,18,Student,Japan,Asia
DiUwvr,Christian,Wong,christian23@example.com,26,Manager,Australia,Oceania
5wKMZ3,Joseph,Moore,joseph88@example.com,21,Teacher,UK,Europe
rt7ihN,Michelle,Brown,michelle65@example.com,42,Manager,Australia,Oceania
rFQ8yx,Jacqueline,Morrow,jacqueline68@example.com,29,Accountant,Canada,North America
SXb6pV,Peggy,Hopkins,peggy33@example.com,19,Teacher,India,Asia
3Mgmg4,Brian,Kim,brian25@example.com,26,Consultant,Japan,Asia
eu8lTY,Nancy,Jenkins,nancy42@example.com,52,Manager,Germany,Europe
pvzG8v,Amanda,Newton,amanda31@example.com,48,Consultant,UK,Europe
rIarfx,Barbara,Ward,barbara2@example.com,47,Accountant,Canada,North America
SeIXwA,Brittany,Marshall,brittany31@example.com,34,Teacher,Brazil,South America
kcvWBZ,Marvin,Jones,marvin89@example.com,31,Accountant,Canada,North America
9LlEzE,Jorge,Carney,jorge47@example.com,52,Consultant,Germany,Europe
FGi7UN,Kelly,Bailey,kelly49@example.com,15,Student,UK,Europe
koqPSS,Tina,Garcia,tina74@example.com,31,Software Developer,Brazil,South America
6XLuBc,Johnny,Bennett,johnny2@example.com,19,Engineer,China,Asia
Bk148O,Steven,Sullivan,steven25@example.com,18,Student,USA,North America
iWb01A,Joshua,Hernandez,joshua45@example.com,15,Student,China,Asia
HDvxh4,Angela,Jackson,angela18@example.com,33,Accountant,Japan,Asia
UMFSkV,Adam,Malone,adam96@example.com,26,Software Developer,India,Asia
H4E3RR,Kathryn,Ward,kathryn30@example.com,23,Student,Japan,Asia
zpbgHl,Nicole,Moore,nicole40@example.com,20,Engineer,Brazil,South America
7Pk0EI,Rachel,Maldonado,rachel8@example.com,36,Accountant,USA,North America
8FAmar,Ellen,Williams,ellen25@example.com,32,Consultant,Brazil,South America
2EwFo5,Kathleen,Jackson,kathleen54@example.com,29,Software Developer,Germany,Europe
MlL1LK,Amanda,Pierce,amanda62@example.com,25,Accountant,USA,North America
ae6Rz1,Bruce,Phillips,bruce82@example.com,32,Software Developer,India,Asia
jVHI2Y,Samantha,Blake,samantha89@example.com,36,Engineer,UK,Europe
Gl6IKI,Kyle,Rowland,kyle51@example.com,46,Accountant,Germany,Europe
yvPaiq,Charles,Delgado,charles32@example.com,38,Teacher,UK,Europe
kfHgzz,Linda,Abbott,linda76@example.com,37,Software Developer,Japan,Asia
ReTVKD,Deborah,Stevenson,deborah2@example.com,38,Accountant,Japan,Asia
KWkz7H,John,Patton,john6@example.com,34,Engineer,USA,North America
oAGMbJ,Erin,Berry,erin15@example.com,45,Engineer,Brazil,South America
nvKx5u,Joseph,Powers,joseph29@example.com,35,Manager,Canada,North America
XORhCd,Brandon,Shaw,brandon35@example.com,31,Teacher,Brazil,South America
MnBUTv,Diane,Morgan,diane8@example.com,20,Engineer,UK,Europe
xIlG0W,Carol,Brown,carol46@example.com,24,Accountant,Germany,Europe
dntRd3,Matthew,Henry,matthew16@example.com,46,Software Developer,Australia,Oceania
cfSEAW,Maria,Herrera,maria22@example.com,23,Software Developer,Germany,Europe
6kWipR,Sarah,Brooks,sarah71@example.com,49,Consultant,China,Asia
4hWRQ9,Patricia,Perkins,patricia81@example.com,42,Consultant,India,Asia
qXxXiT,Thomas,White,thomas60@example.com,36,Consultant,Canada,North America
BPJqoB,Margaret,Pope,margaret80@example.com,51,Manager,Brazil,South America
pOlUwt,Paul,Morris,paul17@example.com,42,Manager,UK,Europe
iA3jeb,Joshua,Peterson,joshua6@example.com,44,Manager,Australia,Oceania
5F7xx1,Christopher,Bond,christopher42@example.com,35,Teacher,USA,North America
0quBA1,Ryan,Thompson,ryan26@example.com,46,Engineer,USA,North America
m9sXo6,Erin,Thompson,erin59@example.com,21,Software Developer,Brazil,South America
PAuKKv,Nichole,Smith,nichole82@example.com,39,Software Developer,UK,Europe
O36c8Q,Angela,Davidson,angela56@example.com,24,Student,Canada,North America
xeQlQ1,Matthew,Lee,matthew99@example.com,27,Software Developer,Germany,Europe
Yf16Xc,Rachel,Vargas,rachel61@example.com,53,Software Developer,Australia,Oceania
IETFDL,Heather,Martin,heather62@example.com,33,Accountant,USA,North America
WjIYIf,Albert,Meadows,albert73@example.com,27,Teacher,USA,North America
aZQ99A,Jacob,Brown,jacob13@example.com,53,Engineer,Brazil,South America
S27bWn,Kimberly,Knight,kimberly13@example.com,46,Consultant,UK,Europe
cCPt7t,Andre,Grant,andre68@example.com,46,Teacher,India,Asia
0AZrol,William,Leblanc,william11@example.com,54,Accountant,India,Asia
KtfgCJ,Brittany,Hernandez,brittany3@example.com,16,Student,Germany,Europe
RIBdnu,Colleen,Mcbride,colleen86@example.com,17,Student,Brazil,South America
2IVhRc,Tammy,Collins,tammy35@example.com,51,Engineer,Brazil,South America
OQwnW7,Barbara,Williams,barbara79@example.com,34,Teacher,UK,Europe
G7mUki,Stephanie,Thomas,stephanie42@example.com,38,Engineer,Brazil,South America
6Lcq1C,Denise,Chase,denise97@example.com,46,Engineer,Japan,Asia
IgiGde,Timothy,Levine,timothy79@example.com,34,Accountant,Germany,Europe
rBgBff,Richard,Carroll,richard81@example.com,32,Teacher,India,Asia
tWNW9J,Melissa,Smith,melissa62@example.com,48,Accountant,Australia,Oceania
rAlEO6,Michelle,Singleton,michelle18@example.com,41,Consultant,Germany,Europe
MyFOtA,Fred,Wolfe,fred68@example.com,28,Accountant,China,Asia
GDMVRF,Joshua,Lee,joshua3@example.com,46,Accountant,Brazil,South America
oUvo9m,William,Dawson,william56@example.com,31,Teacher,India,Asia
k3SFnB,Oscar,Peterson,oscar45@example.com,35,Manager,Canada,North America
g1nZFO,Jeffrey,Andrews,jeffrey20@example.com,42,Software Developer,Australia,Oceania
Qp2nHS,Brandy,Parrish,brandy45@example.com,25,Engineer,Germany,Europe
ZibPkK,Mary,Smith,mary59@example.com,49,Software Developer,China,Asia
S6JnsE,Dwayne,Anderson,dwayne60@example.com,49,Manager,Brazil,South America
6G6qsM,Joseph,Newton,joseph40@example.com,21,Engineer,India,Asia
Cy8dZL,Tracy,Cross,tracy83@example.com,54,Manager,Canada,North America
Aj4Vzw,Maureen,Wood,maureen4@example.com,36,Engineer,Canada,North America
vud0jJ,Adam,Lewis,adam54@example.com,31,Engineer,India,Asia
iM8oMu,Christina,Berry,christina81@example.com,20,Software Developer,Germany,Europe
4MFczv,James,Webster,james38@example.com,45,Engineer,Australia,Oceania
yCAMWQ,Anthony,Moore,anthony74@example.com,42,Engineer,Germany,Europe
2pjoAm,April,Jacobs,april51@example.com,41,Manager,Germany,Europe
ENlvQO,Samantha,Cruz,samantha11@example.com,38,Teacher,Canada,North America
a4iQKF,Lisa,Kennedy,lisa9@example.com,17,Student,Canada,North America
NRdJkX,Kevin,Cisneros,kevin12@example.com,44,Teacher,China,Asia
zydDIO,Tyler,Zimmerman,tyler32@example.com,16,Student,Germany,Europe
chJHZS,Kelly,Wilkerson,kelly74@example.com,28,Teacher,Japan,Asia
AkEyag,Thomas,Williams,thomas16@example.com,33,Teacher,UK,Europe
9HizS7,Carlos,Gomez,carlos71@example.com,55,Manager,Germany,Europe
Et0Wdy,Ronald,Rodriguez,ronald40@example.com,35,Teacher,Germany,Europe
vfiD0u,Melinda,Hawkins,melinda54@example.com,33,Accountant,India,Asia
V7Gx37,Stacie,Curtis,stacie88@example.com,39,Accountant,USA,North America
tV4WX0,Lauren,Jackson,lauren60@example.com,40,Consultant,Germany,Europe
hUjfX8,Bradley,Perez,bradley97@example.com,55,Consultant,UK,Europe
N3Zf5N,Robert,Williams,robert78@example.com,48,Accountant,Canada,North America
4ak4I2,Sara,Evans,sara62@example.com,32,Teacher,UK,Europe
JZjWxL,Laura,Williams,laura11@example.com,39,Accountant,UK,Europe
VN9eyT,Melissa,Cook,melissa10@example.com,42,Manager,Canada,North America
hWAbfK,Zachary,Lynch,zachary42@example.com,42,Engineer,Brazil,South America
p05rki,Cheryl,Phillips,cheryl5@example.com,17,Student,Japan,Asia
WXATdI,Jonathan,Hughes,jonathan5@example.com,15,Student,Germany,Europe
lHxnf0,Angela,Smith,angela66@example.com,55,Manager,Germany,Europe
gidJKt,Jeremy,Jones,jeremy41@example.com,21,Engineer,Germany,Europe
MyuhVX,Marissa,Graves,marissa65@example.com,28,Manager,China,Asia
HhM9b9,Marie,Caldwell,marie64@example.com,23,Accountant,Germany,Europe
tkW1kJ,Austin,Murphy,austin28@example.com,26,Consultant,Germany,Europe
a1Rv5v,Nicole,Owens,nicole27@example.com,33,Accountant,Australia,Oceania
GrmQud,Marc,Moore,marc16@example.com,24,Engineer,Australia,Oceania
6w4Xit,Roberta,Davis,roberta96@example.com,23,Consultant,Germany,Europe
BjK2Aw,Michael,Stewart,michael38@example.com,20,Consultant,Australia,Oceania
5HC957,Dana,Pruitt,dana22@example.com,48,Software Developer,India,Asia
oWwLmL,Jodi,Church,jodi16@example.com,49,Manager,Canada,North America
ks4Wbt,Justin,Reese,justin88@example.com,40,Consultant,China,Asia
hbyHGO,Jennifer,Brown,jennifer57@example.com,35,Engineer,USA,North America
cjVAof,Audrey,Wiley,audrey85@example.com,49,Accountant,Japan,Asia
Ok2Krs,Anthony,Perez,anthony79@example.com,15,Student,Australia,Oceania
bLEMqb,Amanda,Franklin,amanda44@example.com,32,Teacher,India,Asia
fviKlf,Amy,Ware,amy26@example.com,48,Consultant,Germany,Europe
2sRu1X,Nicholas,Barrett,nicholas47@example.com,15,Student,India,Asia
hVqUa9,Amy,Underwood,amy96@example.com,29,Teacher,Germany,Europe
eOW95V,Peter,Ellison,peter30@example.com,48,Engineer,Australia,Oceania
MBmz8U,Melanie,Sharp,melanie41@example.com,45,Engineer,India,Asia
7ekjp4,Ruth,Alvarado,ruth14@example.com,44,Manager,India,Asia
qowP37,Kelly,Chung,kelly16@example.com,44,Manager,Germany,Europe
ZWtImt,Michael,Reed,michael4@example.com,18,Student,Germany,Europe
iDzRTO,Courtney,Mason,courtney47@example.com,22,Accountant,India,Asia
XU2ATO,Wendy,Perry,wendy88@example.com,32,Software Developer,India,Asia
qONPHX,Sarah,Hayes,sarah39@example.com,31,Engineer,UK,Europe
TUQFRE,Jeremiah,Nichols,jeremiah56@example.com,34,Accountant,UK,Europe
980DK9,Emily,Evans,emily1@example.com,35,Teacher,India,Asia
1HSqqR,Brenda,Kim,brenda98@example.com,19,Accountant,Australia,Oceania
cksjqX,Andrew,Brown,andrew67@example.com,20,Student,China,Asia
WGHtjI,Noah,Haynes,noah95@example.com,38,Accountant,Brazil,South America
MVMU9o,Eric,Estes,eric75@example.com,38,Consultant,India,Asia
uhxGE4,Michael,Rodriguez,michael82@example.com,43,Manager,Brazil,South America
EtsHE1,Jacob,Knapp,jacob33@example.com,20,Teacher,Germany,Europe
nXrhdP,Megan,Bates,megan81@example.com,33,Accountant,Australia,Oceania
HaIKpv,Brian,May,brian36@example.com,38,Consultant,Canada,North America
PlUvtf,Andrew,Young,andrew35@example.com,19,Engineer,China,Asia
InLAxo,Carlos,Lambert,carlos69@example.com,37,Accountant,USA,North America
MSpO33,Lori,Green,lori52@example.com,17,Student,Japan,Asia
9udTxu,Wendy,Daniels,wendy11@example.com,27,Consultant,Germany,Europe
TRAAfO,Melissa,Gonzalez,melissa37@example.com,34,Software Developer,Japan,Asia
nLMWDo,Laura,Mccoy,laura76@example.com,27,Software Developer,Germany,Europe
DTWMt7,Christian,Gallagher,christian77@example.com,52,Manager,Australia,Oceania
gETqlo,Kathryn,Gray,kathryn62@example.com,50,Accountant,Germany,Europe
M23KUC,Joseph,Jones,joseph52@example.com,31,Accountant,USA,North America
ass1wJ,Carrie,Evans,carrie96@example.com,40,Accountant,Canada,North America
uNivES,Jesus,Cole,jesus21@example.com,39,Consultant,UK,Europe
gdvUw3,David,Keller,david65@example.com,37,Manager,USA,North America
tNdxU2,Mario,Carter,mario68@example.com,55,Teacher,India,Asia
E06KSn,Ryan,Hamilton,ryan68@example.com,23,Software Developer,Australia,Oceania
4DtMvd,Ryan,King,ryan9@example.com,21,Accountant,Japan,Asia
cM6Hi5,Karen,Huang,karen53@example.com,53,Manager,Brazil,South America
GJIrYL,Annette,Griffith,annette25@example.com,30,Software Developer,USA,North America
7jo2PW,Lisa,Mitchell,lisa50@example.com,42,Manager,Japan,Asia
56xEax,Misty,Hudson,misty45@example.com,47,Engineer,UK,Europe
IyOJ7X,Cynthia,Tran,cynthia94@example.com,27,Software Developer,Canada,North America
gBguJO,Nicole,Vasquez,nicole68@example.com,36,Teacher,Australia,Oceania
ibYHJF,Jenna,Green,jenna24@example.com,24,Engineer,Brazil,South America
Hwd3zi,Ernest,Ryan,ernest91@example.com,22,Engineer,Brazil,South America
A9nhCH,Mallory,Thomas,mallory24@example.com,48,Accountant,Japan,Asia
Ir9orX,Jessica,Hill,jessica78@example.com,22,Software Developer,USA,North America
K4d03n,Daniel,Pacheco,daniel58@example.com,34,Consultant,USA,North America
AYKrvx,Brian,Barnes,brian93@example.com,17,Student,Australia,Oceania
dMZbVH,Diana,Park,diana58@example.com,32,Manager,Brazil,South America
Pu8xCH,Katie,Garcia,katie50@example.com,42,Accountant,China,Asia
6xE8lV,David,Torres,david29@example.com,41,Software Developer,Brazil,South America
T6VAnr,Megan,Woodard,megan8@example.com,18,Student,Japan,Asia
SYKaa5,Robert,Campbell,robert49@example.com,16,Student,Germany,Europe
Sp2nbP,Christina,Jordan,christina11@example.com,47,Manager,Australia,Oceania
CAyspF,Andrew,Franklin,andrew26@example.com,45,Teacher,Canada,North America
kdgPAR,Sarah,Wade,sarah43@example.com,51,Manager,Australia,Oceania
UBvvqn,Jenny,Jones,jenny73@example.com,23,Student,China,Asia
ERZi8E,Christina,Everett,christina94@example.com,45,Accountant,USA,North America
MBBXb1,Joseph,Flores,joseph77@example.com,38,Accountant,India,Asia
uGtqVI,John,Harper,john45@example.com,39,Accountant,USA,North America
XBUteQ,Melvin,Allison,melvin26@example.com,37,Consultant,Brazil,South America
pk2YF5,Erica,Gardner,erica89@example.com,54,Software Developer,Australia,Oceania
gDclXt,Kathleen,Clark,kathleen94@example.com,22,Manager,USA,North America
jwOtFc,John,Henderson,john14@example.com,51,Accountant,Brazil,South America
WuOeSQ,Phillip,Gonzales,phillip20@example.com,34,Manager,Australia,Oceania
8hwrgV,Vanessa,Nguyen,vanessa78@example.com,26,Teacher,Japan,Asia
SomYGF,Melinda,Bass,melinda13@example.com,30,Manager,Canada,North America
YKV4Qt,Logan,Long,logan23@example.com,32,Engineer,Germany,Europe
62wH7H,Andrew,Neal,andrew6@example.com,43,Software Developer,China,Asia
AFG9Dj,Todd,Jackson,todd94@example.com,44,Software Developer,Brazil,South America
qIW409,Raven,West,raven59@example.com,54,Teacher,China,Asia
Ro4uQL,John,Alvarez,john25@example.com,27,Accountant,Japan,Asia
iukOnP,George,Allen,george16@example.com,37,Manager,Canada,North America
Nxr4Do,Debbie,Douglas,debbie28@example.com,24,Student,Canada,North America
hiQuFA,Daniel,Fitzgerald,daniel30@example.com,49,Consultant,India,Asia
ZyYFFY,Kelsey,Medina,kelsey79@example.com,37,Teacher,Japan,Asia
OpEZG9,Chelsea,Bishop,chelsea85@example.com,23,Consultant,Germany,Europe
uBrRd6,Kimberly,Marquez,kimberly88@example.com,33,Software Developer,Japan,Asia
QJMh6m,Kristen,Black,kristen5@example.com,24,Teacher,Canada,North America
chvWAp,Taylor,Thomas,taylor90@example.com,24,Manager,India,Asia
uzvmGa,Emily,May,emily4@example.com,28,Teacher,India,Asia
Byx1TY,Kelli,Holland,kelli85@example.com,15,Student,China,Asia
45RyWO,Tyler,Brown,tyler94@example.com,20,Student,Australia,Oceania
6sxXwy,Debra,Leonard,debra9@example.com,40,Manager,UK,Europe
ncErV1,Dennis,Young,dennis88@example.com,28,Accountant,Germany,Europe
KQEYNE,Steven,Wilson,steven16@example.com,31,Accountant,Japan,Asia
pKqVN7,Virginia,Jones,virginia10@example.com,32,Manager,India,Asia
3qqFye,Holly,Brennan,holly6@example.com,49,Teacher,Brazil,South America
4CkG8O,Bruce,Mendoza,bruce39@example.com,33,Manager,India,Asia
IC3NVL,Scott,Davila,scott72@example.com,32,Software Developer,Australia,Oceania
PN2rHS,Susan,Silva,susan63@example.com,28,Software Developer,Canada,North America
HX6doC,Kara,Camacho,kara39@example.com,47,Consultant,Canada,North America
x3SARc,Daniel,Rodriguez,daniel90@example.com,29,Software Developer,Brazil,South America
xP8n6g,Danielle,Meadows,danielle20@example.com,48,Teacher,USA,North America
m1SRRY,Jennifer,Durham,jennifer86@example.com,50,Engineer,India,Asia
BDAezI,Fred,Hill,fred40@example.com,47,Engineer,Germany,Europe
RKgOsw,Jacob,Fernandez,jacob75@example.com,47,Teacher,Brazil,South America
Ops7DF,Stephanie,Gonzalez,stephanie25@example.com,20,Software Developer,India,Asia
Nkl7al,Sean,Mcdonald,sean61@example.com,43,Accountant,Australia,Oceania
ZbCqpo,Amy,Evans,amy97@example.com,40,Accountant,Germany,Europe
log42o,Sean,Smith,sean82@example.com,35,Software Developer,Brazil,South America
oL2wGv,Aaron,Fox,aaron23@example.com,32,Teacher,Germany,Europe
j35StC,Daniel,Bishop,daniel81@example.com,42,Software Developer,India,Asia
5DaOr3,Robert,Reynolds,robert91@example.com,23,Accountant,Brazil,South America
rjAQvf,Kenneth,Huffman,kenneth74@example.com,44,Teacher,USA,North America
SYoby0,Maurice,Hancock,maurice53@example.com,41,Consultant,UK,Europe
6MjRP8,Carl,Chen,carl46@example.com,18,Student,UK,Europe
GwqrK1,Jackson,Buckley,jackson55@example.com,31,Software Developer,Germany,Europe
laxqIZ,Bradley,Wall,bradley46@example.com,34,Software Developer,Australia,Oceania
SSEpMg,Katie,Sanders,katie3@example.com,17,Student,Canada,North America
fFXO2W,Caleb,Mann,caleb68@example.com,37,Engineer,Germany,Europe
9jam7X,Jessica,Moody,jessica55@example.com,22,Student,Japan,Asia
LZsaBR,Erika,Nicholson,erika29@example.com,23,Accountant,USA,North America
Fu64In,Raymond,Wong,raymond16@example.com,21,Software Developer,USA,North America
rrzB7b,Rebecca,Carter,rebecca5@example.com,17,Student,Brazil,South America
PuMAeF,Jeremy,Turner,jeremy1@example.com,33,Engineer,UK,Europe
GNGRj8,Andrew,Skinner,andrew35@example.com,24,Engineer,Australia,Oceania
ghxfoj,Gregg,Smith,gregg33@example.com,43,Engineer,Australia,Oceania
VG3k5E,Jose,Harrison,jose8@example.com,33,Software Developer,India,Asia
GfbU8n,Rachel,Bell,rachel67@example.com,47,Accountant,USA,North America
p6wdYt,Michelle,Arias,michelle11@example.com,24,Software Developer,Canada,North America
l9gHpP,Vanessa,Willis,vanessa30@example.com,31,Consultant,India,Asia
iDXiZg,Diane,Tran,diane50@example.com,22,Accountant,UK,Europe
EWS641,Kristina,Mcdaniel,kristina81@example.com,51,Software Developer,China,Asia
BiJSUF,Dale,Ortiz,dale44@example.com,47,Consultant,Brazil,South America
KOVpTl,Melissa,Fisher,melissa45@example.com,51,Software Developer,China,Asia
btJ1Gx,Kristina,Richard,kristina86@example.com,34,Engineer,UK,Europe
r5vC4T,Kelsey,Acosta,kelsey1@example.com,22,Teacher,USA,North America
UhUj2Z,Mason,Shaw,mason36@example.com,18,Student,USA,North America
xrbV54,Mary,Graham,mary88@example.com,19,Accountant,Australia,Oceania
IzpKAP,Autumn,Williams,autumn32@example.com,52,Manager,Canada,North America
aK2CvQ,Samuel,Porter,samuel3@example.com,37,Software Developer,India,Asia
Tz3Qnp,Eric,Hughes,eric54@example.com,26,Software Developer,Canada,North America
mVMegW,Chase,Donaldson,chase15@example.com,32,Engineer,China,Asia
AjE7uy,Donald,Higgins,donald83@example.com,37,Engineer,China,Asia
myKdZ5,Joseph,Pollard,joseph71@example.com,30,Manager,Japan,Asia
IT70U8,Michelle,Patel,michelle17@example.com,41,Software Developer,USA,North America
EnrwM6,John,Davis,john56@example.com,15,Student,USA,North America
4qcIlb,Ronald,Rogers,ronald36@example.com,35,Manager,Brazil,South America
F5uR1A,Jason,Frost,jason87@example.com,34,Software Developer,Japan,Asia
uhC93E,Christina,Wilson,christina21@example.com,29,Manager,China,Asia
VCDfWg,Steven,Murphy,steven82@example.com,51,Engineer,USA,North America
vpCcl4,Laura,Berry,laura42@example.com,52,Consultant,Australia,Oceania
OV4TIT,Andre,Schmidt,andre35@example.com,17,Student,Australia,Oceania
rCaSqu,Timothy,Green,timothy72@example.com,52,Consultant,India,Asia
eZ5FrZ,Samuel,Green,samuel58@example.com,32,Teacher,Japan,Asia
S2FBD6,David,Phillips,david70@example.com,25,Teacher,China,Asia
GVkjN6,Victoria,Brown,victoria27@example.com,38,Manager,Brazil,South America
gObK94,Ashley,Fuentes,ashley34@example.com,42,Teacher,China,Asia
zPiHsB,Michelle,Murray,michelle64@example.com,33,Consultant,India,Asia
DiT66p,Jennifer,Wells,jennifer63@example.com,16,Student,Canada,North America
FstnHI,Ashley,Hernandez,ashley67@example.com,31,Engineer,China,Asia
IZo3zU,Lori,Lang,lori68@example.com,43,Engineer,India,Asia
0jsswO,Joseph,Franklin,joseph19@example.com,26,Accountant,Japan,Asia
uJEJXJ,James,Tyler,james66@example.com,51,Accountant,China,Asia
NzsvxQ,David,Gonzalez,david92@example.com,36,Consultant,Germany,Europe
qHJwvs,Taylor,Morris,taylor39@example.com,22,Accountant,Australia,Oceania
vzSvUT,Scott,Martinez,scott83@example.com,32,Software Developer,China,Asia
wTghhx,Janet,Martin,janet13@example.com,18,Student,Australia,Oceania
sIY54v,Cody,Ryan,cody27@example.com,30,Accountant,Australia,Oceania
ssxAnu,Margaret,Guerrero,margaret79@example.com,31,Teacher,USA,North America
LDGdkU,Jessica,Green,jessica46@example.com,24,Consultant,Brazil,South America
RxOEN2,Michael,Greene,michael84@example.com,18,Student,UK,Europe
yLpXfF,Kristopher,Richardson,kristopher45@example.com,51,Manager,Germany,Europe
MbLN0g,Kelsey,Miller,kelsey24@example.com,17,Student,Canada,North America
xzBaEs,Debbie,Phillips,debbie67@example.com,53,Teacher,UK,Europe
Coavkv,Joseph,Cochran,joseph89@example.com,26,Manager,Japan,Asia
aYjdZG,Lynn,Jones,lynn23@example.com,38,Consultant,UK,Europe
cjxqms,Christopher,Howard,christopher11@example.com,27,Accountant,Brazil,South America
D2trb0,Scott,Sullivan,scott84@example.com,39,Software Developer,India,Asia
7ohr19,Deanna,Watson,deanna48@example.com,40,Engineer,China,Asia
WgzXNG,Jerry,Daugherty,jerry81@example.com,32,Engineer,Japan,Asia
UdnoBe,Wendy,Briggs,wendy80@example.com,54,Teacher,UK,Europe
dpvRyy,Megan,Whitney,megan2@example.com,20,Accountant,Brazil,South America
1qmycy,Kristi,Elliott,kristi51@example.com,45,Consultant,UK,Europe
VVQH6J,Brendan,Harris,brendan86@example.com,25,Engineer,Canada,North America
TllSZR,Brittany,Vasquez,brittany20@example.com,25,Software Developer,India,Asia
hLev7W,Meghan,Smith,meghan74@example.com,31,Manager,India,Asia
dV4ttq,Robert,Jones,robert45@example.com,51,Software Developer,Australia,Oceania
tmaR66,Juan,Bennett,juan92@example.com,31,Manager,Australia,Oceania
lIIh6i,Jessica,Fischer,jessica92@example.com,53,Teacher,Canada,North America
TEHjmv,Heather,Graham,heather87@example.com,47,Manager,USA,North America
NKJuPF,Alejandra,Francis,alejandra26@example.com,43,Engineer,India,Asia
mgpcWo,Heather,Lopez,heather38@example.com,22,Student,UK,Europe
exH9Rm,Michelle,Cervantes,michelle6@example.com,18,Student,China,Asia
naK8oE,Jenny,Wong,jenny59@example.com,29,Teacher,Australia,Oceania
EDIC9x,Amy,White,amy55@example.com,33,Teacher,UK,Europe
ciJLuP,Charles,Davis,charles16@example.com,44,Teacher,Germany,Europe
3DqHoa,Billy,Walker,billy94@example.com,39,Teacher,Brazil,South America
hkYNXk,Virginia,Lane,virginia96@example.com,23,Consultant,Germany,Europe
e6fHbD,Aaron,Massey,aaron38@example.com,18,Student,Canada,North America
hVKX6t,Brian,Jenkins,brian75@example.com,47,Consultant,Canada,North America
M15Oxv,Ashley,Hill,ashley74@example.com,37,Consultant,Japan,Asia
iWWtZF,Michelle,Ellis,michelle54@example.com,26,Software Developer,India,Asia
dTePO2,Christina,Shannon,christina23@example.com,41,Accountant,Canada,North America
oqHWP2,Mathew,Frank,mathew8@example.com,34,Consultant,Australia,Oceania
JEjWzf,Karen,Ferguson,karen88@example.com,36,Consultant,India,Asia
2qbVG9,Logan,Frey,logan46@example.com,38,Accountant,UK,Europe
18GJSj,Shannon,Coleman,shannon92@example.com,51,Accountant,India,Asia
1oxEFE,Christina,Young,christina3@example.com,37,Engineer,Brazil,South America
AoDng0,Steven,Ramirez,steven74@example.com,45,Teacher,Australia,Oceania
HUJdUq,Angela,Taylor,angela31@example.com,41,Teacher,Australia,Oceania
PVc90n,Anthony,Horton,anthony9@example.com,27,Engineer,Germany,Europe
WzL26b,John,Smith,john79@example.com,39,Consultant,Germany,Europe
8QT60l,Edwin,Norton,edwin53@example.com,44,Engineer,India,Asia
Ny13D7,Sara,Haley,sara51@example.com,47,Consultant,Brazil,South America
BTmOBo,Ricardo,Chavez,ricardo16@example.com,15,Student,Australia,Oceania
7sh2cl,Carla,Noble,carla48@example.com,25,Software Developer,Japan,Asia
XWEL4I,Julie,Guerra,julie72@example.com,35,Manager,UK,Europe
JjLmOr,Cody,Gardner,cody71@example.com,16,Student,India,Asia
cfGyfv,Elizabeth,Sanchez,elizabeth78@example.com,47,Accountant,Germany,Europe
xBaJb4,Patrick,Jones,patrick83@example.com,29,Consultant,UK,Europe
7JRymr,Katherine,Payne,katherine68@example.com,51,Engineer,Germany,Europe
Y2u68T,David,Campos,david99@example.com,50,Consultant,Australia,Oceania
vXdEKl,Stacy,Woods,stacy50@example.com,21,Engineer,UK,Europe
iJ6Bvu,Raven,Guzman,raven38@example.com,16,Student,Australia,Oceania
EdG8xf,Michael,Marshall,michael14@example.com,16,Student,USA,North America
rRAH7m,Tamara,Pitts,tamara75@example.com,43,Manager,USA,North America
tT2tvH,Ryan,Garza,ryan4@example.com,23,Student,Japan,Asia
lF5atj,Matthew,Charles,matthew45@example.com,50,Engineer,Canada,North America
POsZ8d,Maria,Morgan,maria21@example.com,31,Manager,UK,Europe
HKqNle,Michael,Fry,michael50@example.com,15,Student,India,Asia
b69SrW,Amy,Jones,amy66@example.com,50,Teacher,Brazil,South America
CG42aq,Donald,Huffman,donald74@example.com,37,Software Developer,India,Asia
HHiVlD,Sarah,Anderson,sarah37@example.com,34,Accountant,UK,Europe
1fhpVI,Mckenzie,Jones,mckenzie93@example.com,41,Teacher,UK,Europe
39kWEx,Mark,Kim,mark39@example.com,15,Student,Germany,Europe
8WII2v,Pamela,Chavez,pamela12@example.com,31,Consultant,USA,North America
x1GoFR,Noah,Holmes,noah59@example.com,37,Consultant,Brazil,South America
hoYhA8,Bryan,Burns,bryan41@example.com,52,Software Developer,Germany,Europe
vegKpe,Joe,Moore,joe89@example.com,48,Teacher,USA,North America
1yxjNz,Brian,Barry,brian5@example.com,48,Consultant,Canada,North America
GteBt4,Joe,Leonard,joe69@example.com,52,Accountant,China,Asia
9vcOhj,Ricardo,Foster,ricardo92@example.com,15,Student,Australia,Oceania
c9wrTr,Margaret,King,margaret29@example.com,34,Software Developer,India,Asia
ZkTfUI,Shannon,Griffin,shannon55@example.com,50,Manager,Japan,Asia
Tkik3k,Kayla,Rangel,kayla34@example.com,48,Engineer,Canada,North America
VsFQdW,Peter,Williams,peter61@example.com,47,Teacher,USA,North America
cDXCDO,Chad,Sandoval,chad80@example.com,31,Accountant,Canada,North America
wj8vbH,Jennifer,Johnson,jennifer42@example.com,17,Student,China,Asia
Ek7Hky,Terri,Kelley,terri31@example.com,37,Software Developer,Japan,Asia
tUponL,Jacob,Smith,jacob96@example.com,18,Student,UK,Europe
CfkAMg,Patrick,Jackson,patrick56@example.com,26,Software Developer,Australia,Oceania
KJVdGX,Ruth,Thomas,ruth42@example.com,30,Manager,Japan,Asia
Ud7irB,Heather,Alexander,heather7@example.com,42,Consultant,Germany,Europe
q6V9G8,Sara,Webb,sara17@example.com,22,Accountant,India,Asia
YNANpi,Deborah,Hays,deborah82@example.com,34,Teacher,India,Asia
wUjhU9,Micheal,Rose,micheal3@example.com,29,Accountant,Australia,Oceania
rwpk8M,Stephen,Rodgers,stephen74@example.com,52,Engineer,China,Asia
hUJHcQ,John,Davis,john34@example.com,38,Teacher,Japan,Asia
LZ4m9p,Kelsey,Lynch,kelsey42@example.com,22,Manager,India,Asia
Zwfw4X,Terrance,Griffin,terrance8@example.com,52,Accountant,Canada,North America
00Il7M,Michele,Parker,michele48@example.com,16,Student,Brazil,South America
w3tGeq,Joseph,Anthony,joseph67@example.com,19,Manager,India,Asia
i7Q1wL,Kyle,Carey,kyle33@example.com,47,Manager,China,Asia
AOST1h,Brian,Morris,brian52@example.com,39,Teacher,Germany,Europe
gIyokY,Kyle,Anthony,kyle52@example.com,48,Consultant,Brazil,South America
E6IDWS,Scott,Vang,scott62@example.com,43,Accountant,China,Asia
DNslUY,Kathryn,Benson,kathryn49@example.com,31,Consultant,China,Asia
MJUjpe,Michael,Ryan,michael69@example.com,25,Consultant,Germany,Europe
H63iAP,Ann,Gibson,ann94@example.com,28,Consultant,Germany,Europe
U4fiRV,Daniel,Flores,daniel46@example.com,35,Consultant,Japan,Asia
0RhO1b,William,Carter,william67@example.com,42,Engineer,Canada,North America
fhKT5e,Anna,Ramirez,anna54@example.com,48,Manager,Australia,Oceania
onYuSf,Maria,Lee,maria46@example.com,19,Student,India,Asia
CMPGjI,Jasmine,Francis,jasmine28@example.com,51,Accountant,USA,North America
s1rjwo,Stephanie,Buchanan,stephanie53@example.com,20,Engineer,Brazil,South America
tPyfGb,April,Harris,april27@example.com,27,Consultant,India,Asia
u3jqBx,Brandon,Duncan,brandon70@example.com,24,Manager,Germany,Europe
4DmnFZ,Mary,Day,mary33@example.com,43,Consultant,India,Asia
1NMfkR,Barbara,Melendez,barbara63@example.com,16,Student,Germany,Europe
qIZawr,Jennifer,Rios,jennifer50@example.com,24,Consultant,UK,Europe
bjo0dp,Nicole,Jensen,nicole8@example.com,49,Consultant,China,Asia
bCNmtp,Sharon,Smith,sharon95@example.com,22,Consultant,Australia,Oceania
KZXVX0,Katherine,Adams,katherine21@example.com,21,Manager,Germany,Europe
5ADElx,Tiffany,Snow,tiffany3@example.com,48,Accountant,China,Asia
JI7A7v,Lisa,Decker,lisa42@example.com,46,Consultant,Brazil,South America
YQif9s,Christopher,Smith,christopher36@example.com,21,Software Developer,India,Asia
TJ9yRl,Randy,Johnson,randy88@example.com,41,Consultant,India,Asia
Tjv1hh,Teresa,Miller,teresa69@example.com,38,Consultant,Japan,Asia
znfHSi,Martin,Hill,martin41@example.com,41,Manager,Canada,North America
MY8H7Y,Amanda,Montoya,amanda87@example.com,41,Teacher,Brazil,South America
yPFR8y,Carlos,Butler,carlos89@example.com,30,Engineer,UK,Europe
cAtruW,David,Jacobs,david92@example.com,48,Software Developer,Japan,Asia
tnTLEe,Amanda,Anderson,amanda42@example.com,22,Student,Japan,Asia
BL3WLa,Heather,Jackson,heather95@example.com,34,Teacher,Brazil,South America
D72DJ5,Eric,Frank,eric3@example.com,17,Student,Brazil,South America
H6gUvE,David,Franklin,david91@example.com,24,Engineer,Germany,Europe
oh8iHB,Jennifer,Rodriguez,jennifer14@example.com,40,Consultant,Brazil,South America
1qZDmE,Michelle,Parker,michelle51@example.com,54,Manager,USA,North America
Kfk3MT,Barbara,James,barbara49@example.com,42,Engineer,USA,North America
pL2MnE,Valerie,Kemp,valerie34@example.com,25,Student,Brazil,South America
RM5Tkb,Michael,Morris,michael43@example.com,46,Engineer,Australia,Oceania
LMhPza,Robin,Johns,robin38@example.com,22,Accountant,Canada,North America
6eOZUQ,Lori,Mcintyre,lori60@example.com,40,Consultant,Brazil,South America
w8JwhS,Veronica,Sanchez,veronica3@example.com,19,Accountant,UK,Europe
jZYVjI,Shelly,Duncan,shelly26@example.com,17,Student,Australia,Oceania
G3F66Q,Abigail,Ward,abigail93@example.com,25,Engineer,China,Asia
jF2F5A,Linda,Holt,linda65@example.com,52,Manager,Japan,Asia
Sga5Xy,Alexander,Knox,alexander36@example.com,49,Software Developer,China,Asia
j7O1oN,Victor,Allen,victor47@example.com,42,Software Developer,India,Asia
Q5Vfe8,Catherine,Patterson,catherine85@example.com,37,Accountant,India,Asia
WFoVae,Michael,Reyes,michael33@example.com,31,Teacher,Germany,Europe
0BMmMt,Stephanie,Lee,stephanie44@example.com,48,Engineer,Canada,North America
O7BkRg,Alexandra,Ellis,alexandra57@example.com,52,Software Developer,Canada,North America
F7QIuA,Brian,Daniels,brian26@example.com,27,Teacher,Canada,North America
S6qNVU,Anna,Norris,anna57@example.com,45,Teacher,UK,Europe
34dnD8,Brandy,Wright,brandy96@example.com,49,Engineer,Japan,Asia
FZ1Ord,Daniel,Gibbs,daniel26@example.com,37,Accountant,India,Asia
QZttO2,Melissa,Carter,melissa38@example.com,24,Teacher,Brazil,South America
JoaU6Z,Omar,Waters,omar89@example.com,49,Manager,UK,Europe
HxaOJT,Timothy,Duran,timothy70@example.com,53,Accountant,USA,North America
wrOwqZ,Rebecca,Simmons,rebecca12@example.com,22,Manager,Canada,North America
9CoOnl,Summer,Nelson,summer64@example.com,25,Consultant,Germany,Europe
uSTQk3,Glen,Allen,glen32@example.com,41,Engineer,Brazil,South America
WKN5Vh,David,Harper,david70@example.com,50,Teacher,Japan,Asia
jLpVMk,Laura,Mcneil,laura69@example.com,31,Consultant,China,Asia
yEEry9,Sean,Colon,sean47@example.com,50,Manager,Australia,Oceania
uZTxU4,Erin,Ramos,erin10@example.com,23,Student,Australia,Oceania
64DNNw,Kyle,Morales,kyle92@example.com,37,Engineer,Brazil,South America
YNEayF,Lisa,Carter,lisa20@example.com,39,Manager,China,Asia
9SJNJA,Jesse,Harris,jesse72@example.com,28,Accountant,Australia,Oceania
hm6P1Q,Michael,Martin,michael44@example.com,37,Software Developer,Germany,Europe
aOg98F,Joseph,Smith,joseph69@example.com,36,Engineer,Brazil,South America
q5QcWj,Krystal,Flores,krystal38@example.com,40,Engineer,China,Asia
Rx7Uea,Mark,Hill,mark99@example.com,50,Consultant,India,Asia
IJ2qud,Curtis,Morris,curtis16@example.com,22,Accountant,India,Asia
s0kgdk,Steven,Horne,steven9@example.com,38,Manager,UK,Europe
umfRGy,Marcus,Perry,marcus9@example.com,31,Manager,China,Asia
DMeGY1,Raymond,Marshall,raymond72@example.com,38,Consultant,Canada,North America
5A7kOT,Christina,Estrada,christina85@example.com,27,Manager,Brazil,South America
xedKB7,Kyle,Foster,kyle23@example.com,38,Manager,Japan,Asia
wIHEuI,Desiree,Gallagher,desiree18@example.com,30,Engineer,USA,North America
948SIq,Keith,Johnson,keith39@example.com,48,Consultant,Canada,North America
6LVvUd,Toni,Wheeler,toni84@example.com,46,Manager,USA,North America
u89yVu,Adrienne,Brooks,adrienne98@example.com,42,Teacher,USA,North America
Z0iZSy,Katherine,Reyes,katherine58@example.com,40,Manager,India,Asia
QNm6Kq,Tiffany,Ward,tiffany95@example.com,39,Manager,Germany,Europe
IPYi1L,Shelly,Johnson,shelly94@example.com,31,Teacher,Brazil,South America
kuIJ1o,Patrick,Hayes,patrick23@example.com,31,Manager,UK,Europe
fj1H76,Vincent,Martin,vincent82@example.com,44,Engineer,Australia,Oceania
hSRUPN,Jennifer,Hernandez,jennifer50@example.com,31,Consultant,Germany,Europe
syAxvs,Douglas,Santana,douglas10@example.com,39,Software Developer,Japan,Asia
Ubxl1d,Samuel,Hutchinson,samuel32@example.com,52,Engineer,Brazil,South America
GdXa46,Michael,Barry,michael5@example.com,45,Engineer,India,Asia
1XEH84,Christopher,Sellers,christopher93@example.com,44,Accountant,USA,North America
qHdrdO,Tanya,Sandoval,tanya29@example.com,19,Consultant,India,Asia
pI6zgH,James,Rivers,james83@example.com,32,Accountant,Australia,Oceania
5SmxW7,Joseph,Berry,joseph99@example.com,24,Teacher,China,Asia
LG9md8,Thomas,Moses,thomas62@example.com,38,Accountant,China,Asia
Z6geBk,Crystal,Aguirre,crystal50@example.com,36,Consultant,Canada,North America
kR9qUG,Robert,Baker,robert69@example.com,49,Teacher,Australia,Oceania
SoU2Xp,Matthew,Johnston,matthew83@example.com,42,Engineer,Germany,Europe
DdUz4h,Kathryn,Mullins,kathryn67@example.com,23,Teacher,Japan,Asia
0xkudd,Monica,Johnston,monica81@example.com,49,Engineer,USA,North America
B7drjB,Angela,Simmons,angela36@example.com,52,Software Developer,India,Asia
8fVJ3m,Kenneth,Reese,kenneth77@example.com,26,Teacher,China,Asia
2TFx7c,Christopher,Lucas,christopher76@example.com,48,Accountant,USA,North America
aS3qGt,Gerald,Williams,gerald35@example.com,23,Teacher,Canada,North America
ZHQuCq,William,Simon,william41@example.com,34,Consultant,USA,North America
jp2od5,William,Leach,william2@example.com,20,Teacher,Canada,North America
qHSvMI,Margaret,Baldwin,margaret63@example.com,51,Teacher,Australia,Oceania
tJwBAy,Jennifer,Wilcox,jennifer96@example.com,37,Manager,India,Asia
ik0Bpc,Michael,Hartman,michael26@example.com,28,Teacher,China,Asia
Za5nsh,Anthony,Carney,anthony54@example.com,43,Engineer,Canada,North America
ldt37u,Grant,Sullivan,grant4@example.com,55,Manager,Japan,Asia
rajacl,Michael,Phillips,michael81@example.com,42,Engineer,UK,Europe
qGr15D,Christopher,Crosby,christopher34@example.com,35,Engineer,UK,Europe
PBMJ3u,Sheila,Ho,sheila74@example.com,18,Student,UK,Europe
sAQXRG,Cheryl,Jackson,cheryl61@example.com,52,Teacher,Canada,North America
CfyGKl,Cynthia,Orr,cynthia36@example.com,47,Manager,Canada,North America
QXCyrg,Martin,Miller,martin76@example.com,37,Manager,UK,Europe
DDtO4p,Heather,Bowers,heather71@example.com,22,Teacher,Canada,North America
CAiYJd,Robert,Hudson,robert7@example.com,34,Accountant,Canada,North America
HoUim7,Heather,Mills,heather71@example.com,49,Consultant,USA,North America
IWEu31,Nicole,Green,nicole9@example.com,49,Engineer,Germany,Europe
0BDUdS,Jacob,Acosta,jacob60@example.com,25,Student,Germany,Europe
e6k883,Patricia,Horne,patricia81@example.com,17,Student,Germany,Europe
0H36vP,Dominic,Watson,dominic50@example.com,45,Software Developer,UK,Europe
aBczkP,Jerry,Kelley,jerry8@example.com,30,Engineer,Canada,North America
ekYOVJ,Joshua,Wolfe,joshua54@example.com,15,Student,UK,Europe
tm5hOM,Thomas,Sherman,thomas68@example.com,20,Manager,USA,North America
6cA9LJ,Cynthia,Arias,cynthia15@example.com,45,Consultant,UK,Europe
nse8zi,Maurice,Ball,maurice99@example.com,15,Student,Germany,Europe
yvOIwo,Ashley,Henry,ashley18@example.com,53,Engineer,China,Asia
vHNyy8,Joshua,Cruz,joshua96@example.com,15,Student,Australia,Oceania
gX5DaI,Lindsey,Leonard,lindsey12@example.com,20,Accountant,China,Asia
2B5bKR,Elizabeth,Douglas,elizabeth64@example.com,29,Software Developer,USA,North America
DvTHow,Richard,Hartman,richard99@example.com,15,Student,USA,North America
sCS4hg,Jill,Pitts,jill97@example.com,31,Teacher,Japan,Asia
vj9M53,Krista,Silva,krista31@example.com,42,Teacher,India,Asia
bye2wz,Julie,Jones,julie12@example.com,48,Teacher,Germany,Europe
DAGAEt,Stephanie,Reyes,stephanie76@example.com,31,Manager,India,Asia
p2Bw8M,Gary,Williams,gary67@example.com,36,Engineer,USA,North America
b9M42Z,Emily,Harris,emily34@example.com,55,Manager,USA,North America
V5uMDI,Jodi,Murphy,jodi13@example.com,33,Teacher,Japan,Asia
B1pYN0,Raymond,Cox,raymond56@example.com,23,Manager,UK,Europe
YpIXPC,Kayla,Murillo,kayla98@example.com,19,Consultant,Canada,North America
Qjb1QH,Ruth,Jones,ruth77@example.com,53,Engineer,UK,Europe
OujOzA,David,Perkins,david27@example.com,46,Accountant,Australia,Oceania
RlYqej,Maria,Carson,maria7@example.com,32,Manager,India,Asia
0kcrwG,Destiny,Phelps,destiny32@example.com,49,Engineer,Canada,North America
GOLgu5,Brooke,Romero,brooke76@example.com,17,Student,Japan,Asia
rmfvSG,Andrew,Petersen,andrew73@example.com,35,Software Developer,USA,North America
lGKW26,Jacob,Rogers,jacob10@example.com,52,Software Developer,Japan,Asia
7GLyCU,Bethany,Carter,bethany94@example.com,43,Consultant,India,Asia
rlUXXs,Stephanie,Huerta,stephanie85@example.com,24,Student,Japan,Asia
DzJhRG,Daniel,Carson,daniel65@example.com,54,Software Developer,USA,North America
w33u75,Michael,Howard,michael10@example.com,35,Teacher,Germany,Europe
ubY5Dj,Michael,Khan,michael55@example.com,29,Accountant,USA,North America
YOeMFS,Jose,Santana,jose78@example.com,43,Teacher,Brazil,South America
JjyJix,Jennifer,Robinson,jennifer41@example.com,38,Engineer,Brazil,South America
TX1q27,Alexis,Holland,alexis16@example.com,31,Accountant,Japan,Asia
waSYNF,Brittany,Thompson,brittany69@example.com,18,Student,India,Asia
Un8c6V,Dan,Mckay,dan83@example.com,27,Manager,China,Asia
mqcHrj,Shane,Hammond,shane71@example.com,22,Teacher,Australia,Oceania
W9JFIl,Andrew,Adams,andrew39@example.com,53,Teacher,UK,Europe
upWopE,Ryan,Howard,ryan38@example.com,26,Consultant,USA,North America
PAjCYB,Christina,Shepard,christina23@example.com,51,Teacher,China,Asia
qbWXPK,Zachary,Mclean,zachary17@example.com,37,Accountant,UK,Europe
5RfWoH,Amy,Mueller,amy80@example.com,26,Software Developer,Japan,Asia
6WzkYS,Jason,Perry,jason94@example.com,53,Manager,China,Asia
XHPkrK,Angela,Jones,angela41@example.com,17,Student,USA,North America
ieGaWL,Kristin,Harris,kristin77@example.com,21,Manager,USA,North America
Aa25wV,Sydney,Hernandez,sydney3@example.com,16,Student,China,Asia
kW0Osx,Ann,Bentley,ann95@example.com,42,Software Developer,Germany,Europe
IlpqH4,Bonnie,Owens,bonnie97@example.com,29,Accountant,Germany,Europe
xUh7rP,Lisa,Mcdonald,lisa85@example.com,21,Accountant,Canada,North America
i963ZV,Andrea,Meyers,andrea16@example.com,34,Teacher,Germany,Europe
CgrpjG,Donald,Walker,donald95@example.com,46,Teacher,USA,North America
Nrg6Tx,Andrew,Fields,andrew81@example.com,40,Engineer,Japan,Asia
XV6sTV,Maria,Salazar,maria65@example.com,24,Accountant,Australia,Oceania
UUidBH,Alejandra,Love,alejandra54@example.com,39,Teacher,Australia,Oceania
gj7Ky2,Aaron,Jones,aaron28@example.com,37,Manager,India,Asia
fNeAAW,Jonathan,Sanchez,jonathan8@example.com,51,Manager,China,Asia
fdKYqC,Darryl,Murillo,darryl7@example.com,43,Engineer,China,Asia
V0DeFg,Elizabeth,Erickson,elizabeth96@example.com,27,Manager,Germany,Europe
n5sMvp,Kayla,Smith,kayla28@example.com,35,Accountant,USA,North America
4NpPmC,Daniel,Williams,daniel6@example.com,51,Accountant,China,Asia
v0vhBX,Sarah,Randall,sarah12@example.com,43,Accountant,Canada,North America
YwZfv3,Kathleen,Mills,kathleen64@example.com,43,Manager,China,Asia
AYX7Pv,Susan,Maldonado,susan13@example.com,18,Student,Germany,Europe
tZxqlS,Brett,Gordon,brett31@example.com,26,Engineer,Japan,Asia
gDxUkx,Peter,Walker,peter57@example.com,29,Accountant,Australia,Oceania
z0BuEl,Tina,Murray,tina43@example.com,21,Teacher,UK,Europe
7p1Ysj,Kayla,Davis,kayla75@example.com,41,Consultant,Canada,North America
iuIvn1,Jorge,Johnson,jorge91@example.com,18,Student,Brazil,South America
WcZl7w,Jacqueline,Logan,jacqueline67@example.com,17,Student,Brazil,South America
ZHYSOP,Michael,Oneal,michael55@example.com,43,Consultant,Australia,Oceania
R5m81p,Tommy,Carr,tommy36@example.com,48,Accountant,Brazil,South America
lsD8MH,James,Miller,james72@example.com,34,Teacher,UK,Europe
CBiQTR,Nancy,Blackburn,nancy91@example.com,25,Engineer,USA,North America
Rzzjql,Dwayne,Moore,dwayne51@example.com,28,Manager,India,Asia
3EUud8,Ricky,Malone,ricky50@example.com,17,Student,Canada,North America
GQN4Hg,Travis,Potts,travis46@example.com,32,Engineer,Japan,Asia
k0Ly0J,Denise,Owens,denise48@example.com,18,Student,Germany,Europe
e6a45w,Anthony,Avila,anthony84@example.com,44,Accountant,UK,Europe
PSNWbm,Amanda,House,amanda41@example.com,35,Accountant,Germany,Europe
0e6jz4,Isaiah,Perez,isaiah21@example.com,54,Consultant,India,Asia
spWENw,Catherine,Marshall,catherine17@example.com,15,Student,Brazil,South America
4Gzlug,Kathryn,Gonzalez,kathryn18@example.com,36,Engineer,Australia,Oceania
gqtmeB,Michael,Chandler,michael17@example.com,23,Manager,Germany,Europe
LBYYyE,Michelle,Ferguson,michelle5@example.com,50,Manager,USA,North America
PBZmkf,Haley,Anderson,haley51@example.com,20,Teacher,Australia,Oceania
KbiNU0,Troy,Johnson,troy42@example.com,51,Consultant,USA,North America
RHIksa,Jason,Stokes,jason17@example.com,22,Consultant,Brazil,South America
RDUgoQ,Robert,Jackson,robert49@example.com,40,Manager,Australia,Oceania
fshmKi,Robert,Morales,robert55@example.com,54,Manager,India,Asia
onCVSE,Maria,Gonzalez,maria29@example.com,34,Accountant,Brazil,South America
W2SVnW,Tanner,Moon,tanner55@example.com,15,Student,Australia,Oceania
Nz7Qy5,Wayne,Hicks,wayne93@example.com,31,Teacher,Canada,North America
m6qYAz,Steven,Thompson,steven74@example.com,19,Manager,USA,North America
g4n0kq,Curtis,Hardy,curtis57@example.com,36,Manager,USA,North America
gIfc7K,James,Randolph,james53@example.com,16,Student,Australia,Oceania
HIYcmo,Renee,Herrera,renee25@example.com,30,Accountant,Germany,Europe
K02pLZ,Joseph,Roman,joseph43@example.com,18,Student,China,Asia
xEAw5O,Shelby,Howe,shelby5@example.com,17,Student,Japan,Asia
HqKfJj,Alexandra,Jensen,alexandra77@example.com,35,Engineer,Canada,North America
9k3vvG,Michael,Wilson,michael50@example.com,34,Manager,UK,Europe
kpopfC,Eric,Williams,eric40@example.com,39,Accountant,Japan,Asia
aQxii5,Carrie,Taylor,carrie18@example.com,23,Software Developer,China,Asia
jjjJzr,Mary,Hicks,mary15@example.com,27,Manager,China,Asia
vBksZ6,Jeremiah,Long,jeremiah1@example.com,31,Engineer,Brazil,South America
T38xZf,Robert,Austin,robert83@example.com,33,Consultant,Germany,Europe
v5UGIx,Heather,Taylor,heather81@example.com,31,Accountant,Brazil,South America
DDbYPt,Travis,Lowe,travis39@example.com,32,Consultant,USA,North America
v0jYEh,Samantha,Li,samantha89@example.com,50,Consultant,Japan,Asia
7EETib,Adam,Munoz,adam58@example.com,19,Teacher,China,Asia
sJi7ih,David,Hansen,david16@example.com,15,Student,India,Asia
NPfBeu,Tanya,Perez,tanya21@example.com,22,Accountant,Germany,Europe
fSV2Br,Noah,Carter,noah3@example.com,44,Software Developer,USA,North America
T5bLV1,Robert,Wilson,robert1@example.com,15,Student,USA,North America
FBL2IS,Lawrence,Young,lawrence36@example.com,20,Teacher,USA,North America
KLEBc0,Christopher,Brown,christopher54@example.com,40,Manager,Japan,Asia
HwcjU9,Joseph,Espinoza,joseph65@example.com,44,Consultant,Germany,Europe
VE5ot2,Albert,Collier,albert53@example.com,37,Software Developer,UK,Europe
ALWvoG,Scott,Hartman,scott57@example.com,32,Teacher,Australia,Oceania
FJxAoQ,James,Bowen,james55@example.com,29,Accountant,Brazil,South America
5Ybz8X,Alejandro,Lopez,alejandro86@example.com,15,Student,USA,North America
WdnGX2,Sarah,Wagner,sarah50@example.com,44,Accountant,Japan,Asia
0kS3Be,Amber,Hill,amber86@example.com,42,Software Developer,UK,Europe
BLAYCY,Carl,Brown,carl15@example.com,27,Engineer,Brazil,South America
DJnUeJ,Alan,Cross,alan12@example.com,25,Teacher,China,Asia
WAsyvU,Tyrone,Gray,tyrone23@example.com,25,Engineer,China,Asia
Zuxs6V,Joshua,Chaney,joshua84@example.com,23,Software Developer,India,Asia
ZUVx45,Carl,Clark,carl45@example.com,31,Engineer,Brazil,South America
qiGUEU,Peter,Leonard,peter19@example.com,55,Software Developer,Germany,Europe
X0oTCn,Jennifer,Bonilla,jennifer52@example.com,41,Engineer,Canada,North America
Qt3OR2,Ashley,Gomez,ashley66@example.com,30,Software Developer,Canada,North America
mSJTS9,Hannah,Reyes,hannah51@example.com,45,Manager,Brazil,South America
KU2AYs,Sean,Hartman,sean28@example.com,24,Engineer,Canada,North America
vtUN9w,Melissa,Obrien,melissa60@example.com,28,Software Developer,India,Asia
kMm709,David,Davidson,david44@example.com,42,Teacher,Brazil,South America
AVksnj,Lauren,Aguirre,lauren15@example.com,17,Student,Australia,Oceania
YTmKde,Samuel,Meyer,samuel83@example.com,34,Accountant,Japan,Asia
j3k4Sb,Nathan,Smith,nathan90@example.com,34,Engineer,Canada,North America
wgn6cl,Timothy,Jenkins,timothy13@example.com,29,Teacher,Canada,North America
htO2DD,Jonathan,Miles,jonathan50@example.com,42,Teacher,China,Asia
tfMAMb,Jason,Santos,jason80@example.com,35,Software Developer,Canada,North America
HsMJc3,Brent,Moreno,brent5@example.com,23,Engineer,India,Asia
KMWxHq,Kevin,Sosa,kevin40@example.com,30,Consultant,Brazil,South America
xiBd3F,Matthew,Stevens,matthew23@example.com,46,Manager,Brazil,South America
U2usk4,David,Harrell,david44@example.com,35,Teacher,Japan,Asia
vVh9zW,Perry,Guzman,perry78@example.com,33,Manager,UK,Europe
jUl7rV,Kimberly,Sanders,kimberly78@example.com,35,Software Developer,USA,North America
5rZqu3,Alexander,Cameron,alexander83@example.com,39,Engineer,UK,Europe
iuPTaD,Jamie,Huerta,jamie22@example.com,42,Accountant,India,Asia
OsFJk1,George,Garcia,george19@example.com,16,Student,Japan,Asia
uys8HM,Dana,Jones,dana20@example.com,52,Accountant,China,Asia
dInaJX,Victor,Booth,victor19@example.com,33,Accountant,China,Asia
fj2HHF,Traci,Gonzalez,traci30@example.com,30,Manager,Germany,Europe
CYmwNi,Natalie,Krueger,natalie22@example.com,47,Engineer,Germany,Europe
05wY10,Stephen,Alexander,stephen14@example.com,19,Student,China,Asia
Ofluju,Gregory,Ramirez,gregory34@example.com,24,Teacher,Japan,Asia
N66ERa,Catherine,Sullivan,catherine42@example.com,42,Accountant,Australia,Oceania
PlRlMv,Stephanie,Price,stephanie90@example.com,38,Software Developer,Brazil,South America
AKgAT7,Frank,Campbell,frank13@example.com,22,Teacher,Japan,Asia
dGYIy1,Tara,Garcia,tara22@example.com,38,Software Developer,India,Asia
rywhgp,John,Guerrero,john53@example.com,26,Software Developer,Germany,Europe
0al0rI,Lisa,Young,lisa22@example.com,45,Consultant,Germany,Europe
lMRtTH,Eric,Alexander,eric22@example.com,38,Accountant,Canada,North America
GlcctI,Mark,Russell,mark72@example.com,48,Teacher,Australia,Oceania
SNdNwP,Kyle,Johnston,kyle5@example.com,21,Consultant,USA,North America
